Date(int),Date,Name,Stock ID,LACP,Open,High,Low,Close,Volume,Direction,Bid Size
1420416000000,20150105,PINEAPP,'0006,,0.360,0.360,0.360,0.360,-,Closed,0
1420502400000,20150106,PINEAPP,'0006,0.360,0.360,0.360,0.360,0.360,-,Closed,0
1420588800000,20150107,PINEAPP,'0006,0.360,0.320,0.320,0.320,0.320,1200,No change,0
1420675200000,20150108,PINEAPP,'0006,0.320,0.320,0.320,0.320,0.320,-,Closed,0
1420761600000,20150109,PINEAPP,'0006,0.320,0.320,0.320,0.320,0.320,-,Closed,0
1421020800000,20150112,PINEAPP,'0006,0.320,0.320,0.320,0.320,0.320,-,Closed,0
1421107200000,20150113,PINEAPP,'0006,0.320,0.320,0.320,0.320,0.320,-,Closed,0
1421193600000,20150114,PINEAPP,'0006,0.320,0.320,0.320,0.320,0.320,-,Closed,0
1421280000000,20150115,PINEAPP,'0006,0.320,0.320,0.320,0.320,0.320,-,Closed,0
1421366400000,20150116,PINEAPP,'0006,0.320,0.320,0.320,0.320,0.320,-,Closed,0
1421625600000,20150119,PINEAPP,'0006,0.320,0.320,0.320,0.320,0.320,-,Closed,0
1421712000000,20150120,PINEAPP,'0006,0.320,0.320,0.320,0.320,0.320,-,Closed,0
1421798400000,20150121,PINEAPP,'0006,0.320,0.320,0.320,0.320,0.320,-,Closed,0
1421884800000,20150122,PINEAPP,'0006,0.320,0.320,0.320,0.320,0.320,-,Closed,0
1421971200000,20150123,PINEAPP,'0006,0.320,0.320,0.320,0.320,0.320,-,Closed,0
1422230400000,20150126,PINEAPP,'0006,0.320,0.270,0.270,0.270,0.270,5000,No change,0
1422316800000,20150127,PINEAPP,'0006,0.270,0.270,0.270,0.270,0.270,-,Closed,0
1422403200000,20150128,PINEAPP,'0006,0.270,0.270,0.270,0.270,0.270,-,Closed,0
1422489600000,20150129,PINEAPP,'0006,0.270,0.270,0.270,0.270,0.270,-,Closed,0
1422576000000,20150130,PINEAPP,'0006,0.270,0.270,0.270,0.270,0.270,-,Closed,0
1423008000000,20150204,PINEAPP,'0006,0.270,0.270,0.270,0.270,0.270,-,Closed,0
1423094400000,20150205,PINEAPP,'0006,0.270,0.270,0.270,0.270,0.270,-,Closed,0
1423180800000,20150206,PINEAPP,'0006,0.270,0.270,0.270,0.270,0.270,-,Closed,0
1423440000000,20150209,PINEAPP,'0006,0.270,0.270,0.270,0.270,0.270,-,Closed,0
1423526400000,20150210,PINEAPP,'0006,0.270,0.270,0.270,0.270,0.270,-,Closed,0
1423612800000,20150211,PINEAPP,'0006,0.270,0.270,0.270,0.270,0.270,-,Closed,0
1423699200000,20150212,PINEAPP,'0006,0.270,0.270,0.270,0.270,0.270,-,Closed,0
1423785600000,20150213,PINEAPP,'0006,0.270,0.270,0.270,0.270,0.270,-,Closed,0
1424044800000,20150216,PINEAPP,'0006,0.270,0.270,0.270,0.270,0.270,-,Closed,0
1424131200000,20150217,PINEAPP,'0006,0.270,0.270,0.270,0.270,0.270,-,Closed,0
1424217600000,20150218,PINEAPP,'0006,0.270,0.270,0.270,0.270,0.270,-,Closed,0
1424649600000,20150223,PINEAPP,'0006,0.270,0.270,0.270,0.270,0.270,-,Closed,0
1424736000000,20150224,PINEAPP,'0006,0.270,0.270,0.270,0.270,0.270,-,Closed,0
1424822400000,20150225,PINEAPP,'0006,0.270,0.320,0.320,0.320,0.320,8000,No change,0
1424908800000,20150226,PINEAPP,'0006,0.320,0.320,0.320,0.320,0.320,-,Closed,0
1424995200000,20150227,PINEAPP,'0006,0.320,0.320,0.320,0.320,0.320,-,Closed,0
1425254400000,20150302,PINEAPP,'0006,0.320,0.320,0.320,0.320,0.320,-,Closed,0
1425340800000,20150303,PINEAPP,'0006,0.320,0.320,0.320,0.320,0.320,-,Closed,0
1425427200000,20150304,PINEAPP,'0006,0.320,0.320,0.320,0.320,0.320,-,Closed,0
1425513600000,20150305,PINEAPP,'0006,0.320,0.320,0.320,0.320,0.320,-,Closed,0
1425600000000,20150306,PINEAPP,'0006,0.320,0.320,0.320,0.320,0.320,-,Closed,0
1425859200000,20150309,PINEAPP,'0006,0.320,0.320,0.320,0.320,0.320,-,Closed,0
1425945600000,20150310,PINEAPP,'0006,0.320,0.320,0.320,0.320,0.320,-,Closed,0
1426032000000,20150311,PINEAPP,'0006,0.320,0.320,0.320,0.320,0.320,-,Closed,0
1426118400000,20150312,PINEAPP,'0006,0.320,0.320,0.320,0.320,0.320,-,Closed,0
1426204800000,20150313,PINEAPP,'0006,0.320,0.320,0.320,0.320,0.320,-,Closed,0
1426464000000,20150316,PINEAPP,'0006,0.320,0.320,0.320,0.320,0.320,-,Closed,0
1426550400000,20150317,PINEAPP,'0006,0.320,0.320,0.320,0.320,0.320,-,Closed,0
1426636800000,20150318,PINEAPP,'0006,0.320,0.320,0.320,0.320,0.320,-,Closed,0
1426723200000,20150319,PINEAPP,'0006,0.320,0.320,0.320,0.320,0.320,-,Closed,0
1426809600000,20150320,PINEAPP,'0006,0.320,0.320,0.320,0.320,0.320,-,Closed,0
1427068800000,20150323,PINEAPP,'0006,0.320,0.320,0.320,0.320,0.320,-,Closed,0
1427155200000,20150324,PINEAPP,'0006,0.320,0.320,0.320,0.320,0.320,-,Closed,0
1427241600000,20150325,PINEAPP,'0006,0.320,0.320,0.320,0.320,0.320,-,Closed,0
1427328000000,20150326,PINEAPP,'0006,0.320,0.320,0.320,0.320,0.320,-,Closed,0
1427414400000,20150327,PINEAPP,'0006,0.320,0.320,0.320,0.320,0.320,-,Closed,0
1427673600000,20150330,PINEAPP,'0006,0.320,0.320,0.320,0.320,0.320,-,Closed,0
1427760000000,20150331,PINEAPP,'0006,0.320,0.320,0.320,0.320,0.320,-,Closed,0
1427846400000,20150401,PINEAPP,'0006,0.320,0.320,0.320,0.320,0.320,-,Closed,0
1427932800000,20150402,PINEAPP,'0006,0.320,0.320,0.320,0.320,0.320,-,Closed,0
1428019200000,20150403,PINEAPP,'0006,0.320,0.320,0.320,0.320,0.320,-,Closed,0
1428278400000,20150406,PINEAPP,'0006,0.320,0.320,0.320,0.320,0.320,-,Closed,0
1428364800000,20150407,PINEAPP,'0006,0.320,0.320,0.320,0.320,0.320,-,Closed,0
1428451200000,20150408,PINEAPP,'0006,0.320,0.320,0.320,0.320,0.320,-,Closed,0
1428537600000,20150409,PINEAPP,'0006,0.320,0.320,0.320,0.320,0.320,-,Closed,0
1428624000000,20150410,PINEAPP,'0006,0.320,0.320,0.320,0.320,0.320,-,Closed,0
1428883200000,20150413,PINEAPP,'0006,0.320,0.320,0.320,0.320,0.320,-,Closed,0
1428969600000,20150414,PINEAPP,'0006,0.320,0.320,0.320,0.320,0.320,-,Closed,0
1429056000000,20150415,PINEAPP,'0006,0.320,0.320,0.320,0.320,0.320,-,Closed,0
1429142400000,20150416,PINEAPP,'0006,0.320,0.320,0.320,0.320,0.320,-,Closed,0
1429228800000,20150417,PINEAPP,'0006,0.320,0.320,0.320,0.320,0.320,-,Closed,0
1429488000000,20150420,PINEAPP,'0006,0.320,0.320,0.320,0.320,0.320,-,Closed,0
1429574400000,20150421,PINEAPP,'0006,0.320,0.320,0.320,0.320,0.320,-,Closed,0
1429660800000,20150422,PINEAPP,'0006,0.320,0.320,0.320,0.320,0.320,-,Closed,0
1429747200000,20150423,PINEAPP,'0006,0.320,0.320,0.320,0.300,0.300,16900,Decreased,4
1429833600000,20150424,PINEAPP,'0006,0.300,0.300,0.300,0.300,0.300,-,Closed,0
1430092800000,20150427,PINEAPP,'0006,0.300,0.300,0.300,0.300,0.300,-,Closed,0
1430179200000,20150428,PINEAPP,'0006,0.300,0.300,0.300,0.300,0.300,-,Closed,0
1430265600000,20150429,PINEAPP,'0006,0.300,0.300,0.300,0.300,0.300,-,Closed,0
1430352000000,20150430,PINEAPP,'0006,0.300,0.300,0.300,0.300,0.300,-,Closed,0
1430784000000,20150505,PINEAPP,'0006,0.300,0.300,0.300,0.300,0.300,-,Closed,0
1430870400000,20150506,PINEAPP,'0006,0.300,0.300,0.300,0.300,0.300,-,Closed,0
1430956800000,20150507,PINEAPP,'0006,0.300,0.300,0.300,0.300,0.300,-,Closed,0
1431043200000,20150508,PINEAPP,'0006,0.300,0.300,0.300,0.300,0.300,-,Closed,0
1431302400000,20150511,PINEAPP,'0006,0.300,0.300,0.300,0.300,0.300,-,Closed,0
1431388800000,20150512,PINEAPP,'0006,0.300,0.300,0.300,0.300,0.300,-,Closed,0
1431475200000,20150513,PINEAPP,'0006,0.300,0.300,0.300,0.300,0.300,-,Closed,0
1431561600000,20150514,PINEAPP,'0006,0.300,0.300,0.300,0.300,0.300,-,Closed,0
1431648000000,20150515,PINEAPP,'0006,0.300,0.300,0.300,0.300,0.300,-,Closed,0
1431907200000,20150518,PINEAPP,'0006,0.300,0.300,0.300,0.300,0.300,-,Closed,0
1431993600000,20150519,PINEAPP,'0006,0.300,0.300,0.300,0.300,0.300,-,Closed,0
1432080000000,20150520,PINEAPP,'0006,0.300,0.300,0.300,0.300,0.300,-,Closed,0
1432166400000,20150521,PINEAPP,'0006,0.300,0.300,0.300,0.300,0.300,-,Closed,0
1432252800000,20150522,PINEAPP,'0006,0.300,0.360,0.400,0.360,0.400,1800,Increased,8
1432512000000,20150525,PINEAPP,'0006,0.400,0.360,0.360,0.360,0.360,2700,No change,0
1432598400000,20150526,PINEAPP,'0006,0.360,0.400,0.400,0.400,0.400,2700,No change,0
1432684800000,20150527,PINEAPP,'0006,0.400,0.400,0.400,0.400,0.400,-,Closed,0
1432771200000,20150528,PINEAPP,'0006,0.400,0.360,0.380,0.360,0.380,12000,Increased,4
1432857600000,20150529,PINEAPP,'0006,0.380,0.380,0.380,0.380,0.380,-,Closed,0
1433116800000,20150601,PINEAPP,'0006,0.380,0.380,0.380,0.380,0.380,-,Closed,0
1433203200000,20150602,PINEAPP,'0006,0.380,0.355,0.355,0.355,0.355,1000,No change,0
1433289600000,20150603,PINEAPP,'0006,0.355,0.355,0.355,0.355,0.355,2000,No change,0
1433376000000,20150604,PINEAPP,'0006,0.355,0.355,0.355,0.355,0.355,-,Closed,0
1433462400000,20150605,PINEAPP,'0006,0.355,0.355,0.355,0.355,0.355,-,Closed,0
1433721600000,20150608,PINEAPP,'0006,0.355,0.355,0.355,0.355,0.355,-,Closed,0
1433808000000,20150609,PINEAPP,'0006,0.355,0.355,0.355,0.355,0.355,-,Closed,0
1433894400000,20150610,PINEAPP,'0006,0.355,0.355,0.355,0.355,0.355,-,Closed,0
1433980800000,20150611,PINEAPP,'0006,0.355,0.355,0.355,0.355,0.355,-,Closed,0
1434067200000,20150612,PINEAPP,'0006,0.355,0.355,0.355,0.355,0.355,-,Closed,0
1434326400000,20150615,PINEAPP,'0006,0.355,0.310,0.310,0.310,0.310,2000,No change,0
1434412800000,20150616,PINEAPP,'0006,0.310,0.310,0.310,0.310,0.310,-,Closed,0
1434499200000,20150617,PINEAPP,'0006,0.310,0.310,0.310,0.310,0.310,-,Closed,0
1434585600000,20150618,PINEAPP,'0006,0.310,0.310,0.310,0.310,0.310,-,Closed,0
1434672000000,20150619,PINEAPP,'0006,0.310,0.310,0.310,0.310,0.310,-,Closed,0
1434931200000,20150622,PINEAPP,'0006,0.310,0.310,0.310,0.310,0.310,-,Closed,0
1435017600000,20150623,PINEAPP,'0006,0.310,0.320,0.325,0.320,0.325,22000,Increased,1
1435104000000,20150624,PINEAPP,'0006,0.325,0.325,0.325,0.325,0.325,-,Closed,0
1435190400000,20150625,PINEAPP,'0006,0.325,0.350,0.350,0.350,0.350,6600,No change,0
1435276800000,20150626,PINEAPP,'0006,0.350,0.350,0.350,0.350,0.350,-,Closed,0
1435536000000,20150629,PINEAPP,'0006,0.350,0.325,0.325,0.325,0.325,5000,No change,0
1435622400000,20150630,PINEAPP,'0006,0.325,0.325,0.325,0.325,0.325,-,Closed,0
1435708800000,20150701,PINEAPP,'0006,0.325,0.325,0.325,0.325,0.325,-,Closed,0
1435795200000,20150702,PINEAPP,'0006,0.325,0.325,0.325,0.325,0.325,-,Closed,0
1435881600000,20150703,PINEAPP,'0006,0.325,0.325,0.325,0.325,0.325,-,Closed,0
1436140800000,20150706,PINEAPP,'0006,0.325,0.325,0.325,0.325,0.325,-,Closed,0
1436227200000,20150707,PINEAPP,'0006,0.325,0.325,0.325,0.325,0.325,-,Closed,0
1436313600000,20150708,PINEAPP,'0006,0.325,0.325,0.325,0.325,0.325,-,Closed,0
1436400000000,20150709,PINEAPP,'0006,0.325,0.325,0.325,0.325,0.325,-,Closed,0
1436486400000,20150710,PINEAPP,'0006,0.325,0.325,0.325,0.325,0.325,-,Closed,0
1436745600000,20150713,PINEAPP,'0006,0.325,0.325,0.325,0.325,0.325,-,Closed,0
1436832000000,20150714,PINEAPP,'0006,0.325,0.325,0.325,0.325,0.325,-,Closed,0
1436918400000,20150715,PINEAPP,'0006,0.325,0.300,0.320,0.300,0.320,12000,Increased,4
1437004800000,20150716,PINEAPP,'0006,0.320,0.320,0.320,0.320,0.320,-,Closed,0
1437350400000,20150720,PINEAPP,'0006,0.320,0.320,0.320,0.320,0.320,-,Closed,0
1437436800000,20150721,PINEAPP,'0006,0.320,0.320,0.320,0.320,0.320,-,Closed,0
1437523200000,20150722,PINEAPP,'0006,0.320,0.320,0.320,0.320,0.320,-,Closed,0
1437609600000,20150723,PINEAPP,'0006,0.320,0.320,0.320,0.320,0.320,-,Closed,0
1437696000000,20150724,PINEAPP,'0006,0.320,0.320,0.320,0.320,0.320,-,Closed,0
1437955200000,20150727,PINEAPP,'0006,0.320,0.320,0.320,0.320,0.320,-,Closed,0
1438041600000,20150728,PINEAPP,'0006,0.320,0.320,0.320,0.320,0.320,-,Closed,0
1438128000000,20150729,PINEAPP,'0006,0.320,0.340,0.340,0.340,0.340,12000,No change,0
1438214400000,20150730,PINEAPP,'0006,0.340,0.310,0.310,0.310,0.310,10000,No change,0
1438300800000,20150731,PINEAPP,'0006,0.310,0.305,0.305,0.300,0.300,13000,Decreased,1
1438560000000,20150803,PINEAPP,'0006,0.300,0.300,0.300,0.300,0.300,-,Closed,0
1438646400000,20150804,PINEAPP,'0006,0.300,0.305,0.305,0.305,0.305,1000,No change,0
1438732800000,20150805,PINEAPP,'0006,0.305,0.305,0.305,0.305,0.305,-,Closed,0
1438819200000,20150806,PINEAPP,'0006,0.305,0.305,0.305,0.305,0.305,-,Closed,0
1438905600000,20150807,PINEAPP,'0006,0.305,0.310,0.315,0.310,0.315,7300,Increased,1
1439164800000,20150810,PINEAPP,'0006,0.315,0.315,0.315,0.315,0.315,-,Closed,0
1439251200000,20150811,PINEAPP,'0006,0.315,0.315,0.315,0.315,0.315,-,Closed,0
1439337600000,20150812,PINEAPP,'0006,0.315,0.315,0.315,0.315,0.315,-,Closed,0
1439424000000,20150813,PINEAPP,'0006,0.315,0.315,0.315,0.315,0.315,-,Closed,0
1439510400000,20150814,PINEAPP,'0006,0.315,0.315,0.315,0.315,0.315,-,Closed,0
1439769600000,20150817,PINEAPP,'0006,0.315,0.315,0.315,0.315,0.315,-,Closed,0
1439856000000,20150818,PINEAPP,'0006,0.315,0.315,0.315,0.315,0.315,-,Closed,0
1439942400000,20150819,PINEAPP,'0006,0.315,0.315,0.315,0.315,0.315,-,Closed,0
1440028800000,20150820,PINEAPP,'0006,0.315,0.315,0.315,0.315,0.315,-,Closed,0
1440115200000,20150821,PINEAPP,'0006,0.315,0.315,0.315,0.315,0.315,-,Closed,0
1440374400000,20150824,PINEAPP,'0006,0.315,0.315,0.315,0.315,0.315,-,Closed,0
1440460800000,20150825,PINEAPP,'0006,0.315,0.315,0.315,0.315,0.315,-,Closed,0
1440547200000,20150826,PINEAPP,'0006,0.315,0.315,0.315,0.315,0.315,-,Closed,0
1440633600000,20150827,PINEAPP,'0006,0.315,0.315,0.315,0.315,0.315,-,Closed,0
1440720000000,20150828,PINEAPP,'0006,0.315,0.315,0.315,0.315,0.315,-,Closed,0
1441065600000,20150901,PINEAPP,'0006,0.315,0.315,0.315,0.315,0.315,-,Closed,0
1441152000000,20150902,PINEAPP,'0006,0.315,0.315,0.315,0.315,0.315,-,Closed,0
1441238400000,20150903,PINEAPP,'0006,0.315,0.315,0.315,0.315,0.315,-,Closed,0
1441324800000,20150904,PINEAPP,'0006,0.315,0.315,0.315,0.315,0.315,-,Closed,0
1441584000000,20150907,PINEAPP,'0006,0.315,0.315,0.315,0.315,0.315,-,Closed,0
1441670400000,20150908,PINEAPP,'0006,0.315,0.315,0.315,0.315,0.315,-,Closed,0
1441756800000,20150909,PINEAPP,'0006,0.315,0.315,0.315,0.315,0.315,-,Closed,0
1441843200000,20150910,PINEAPP,'0006,0.315,0.280,0.280,0.280,0.280,7300,No change,0
1441929600000,20150911,PINEAPP,'0006,0.280,0.280,0.280,0.280,0.280,-,Closed,0
1442188800000,20150914,PINEAPP,'0006,0.280,0.280,0.280,0.280,0.280,-,Closed,0
1442275200000,20150915,PINEAPP,'0006,0.280,0.280,0.280,0.280,0.280,-,Closed,0
1442448000000,20150917,PINEAPP,'0006,0.280,0.280,0.280,0.280,0.280,-,Closed,0
1442534400000,20150918,PINEAPP,'0006,0.280,0.280,0.280,0.280,0.280,-,Closed,0
1442793600000,20150921,PINEAPP,'0006,0.280,0.280,0.280,0.280,0.280,-,Closed,0
1442880000000,20150922,PINEAPP,'0006,0.280,0.280,0.280,0.280,0.280,-,Closed,0
1442966400000,20150923,PINEAPP,'0006,0.280,0.280,0.280,0.280,0.280,-,Closed,0
1443139200000,20150925,PINEAPP,'0006,0.280,0.280,0.280,0.280,0.280,-,Closed,0
1443398400000,20150928,PINEAPP,'0006,0.280,0.280,0.280,0.280,0.280,-,Closed,0
1443484800000,20150929,PINEAPP,'0006,0.280,0.280,0.280,0.280,0.280,-,Closed,0
1443571200000,20150930,PINEAPP,'0006,0.280,0.280,0.280,0.280,0.280,-,Closed,0
1443657600000,20151001,PINEAPP,'0006,0.280,0.280,0.280,0.280,0.280,-,Closed,0
1443744000000,20151002,PINEAPP,'0006,0.280,0.280,0.280,0.280,0.280,-,Closed,0
1444003200000,20151005,PINEAPP,'0006,0.280,0.280,0.280,0.280,0.280,-,Closed,0
1444089600000,20151006,PINEAPP,'0006,0.280,0.280,0.280,0.280,0.280,-,Closed,0
1444176000000,20151007,PINEAPP,'0006,0.280,0.280,0.280,0.280,0.280,-,Closed,0
1444262400000,20151008,PINEAPP,'0006,0.280,0.280,0.280,0.280,0.280,-,Closed,0
1444348800000,20151009,PINEAPP,'0006,0.280,0.280,0.280,0.280,0.280,-,Closed,0
1444608000000,20151012,PINEAPP,'0006,0.280,0.280,0.280,0.280,0.280,-,Closed,0
1444694400000,20151013,PINEAPP,'0006,0.280,0.280,0.280,0.280,0.280,-,Closed,0
1444867200000,20151015,PINEAPP,'0006,0.280,0.280,0.280,0.280,0.280,-,Closed,0
1444953600000,20151016,PINEAPP,'0006,0.280,0.280,0.280,0.280,0.280,-,Closed,0
1445212800000,20151019,PINEAPP,'0006,0.280,0.280,0.280,0.280,0.280,-,Closed,0
1445299200000,20151020,PINEAPP,'0006,0.280,0.280,0.280,0.280,0.280,-,Closed,0
1445385600000,20151021,PINEAPP,'0006,0.280,0.280,0.280,0.280,0.280,-,Closed,0
1445472000000,20151022,PINEAPP,'0006,0.280,0.280,0.280,0.280,0.280,-,Closed,0
1445558400000,20151023,PINEAPP,'0006,0.280,0.280,0.280,0.280,0.280,-,Closed,0
1445817600000,20151026,PINEAPP,'0006,0.280,0.280,0.280,0.280,0.280,-,Closed,0
1445904000000,20151027,PINEAPP,'0006,0.280,0.280,0.280,0.280,0.280,-,Closed,0
1445990400000,20151028,PINEAPP,'0006,0.280,0.280,0.280,0.280,0.280,-,Closed,0
1446076800000,20151029,PINEAPP,'0006,0.280,0.285,0.285,0.285,0.285,2000,No change,0
1446163200000,20151030,PINEAPP,'0006,0.285,0.290,0.290,0.290,0.290,13000,No change,0
1446422400000,20151102,PINEAPP,'0006,0.290,0.290,0.290,0.290,0.290,-,Closed,0
1446508800000,20151103,PINEAPP,'0006,0.290,0.290,0.290,0.290,0.290,-,Closed,0
1446595200000,20151104,PINEAPP,'0006,0.290,0.290,0.290,0.290,0.290,-,Closed,0
1446681600000,20151105,PINEAPP,'0006,0.290,0.290,0.290,0.290,0.290,-,Closed,0
1446768000000,20151106,PINEAPP,'0006,0.290,0.290,0.290,0.290,0.290,-,Closed,0
1447027200000,20151109,PINEAPP,'0006,0.290,0.290,0.290,0.290,0.290,-,Closed,0
1447200000000,20151111,PINEAPP,'0006,0.290,0.290,0.290,0.290,0.290,13000,No change,0
1447286400000,20151112,PINEAPP,'0006,0.290,0.290,0.290,0.290,0.290,-,Closed,0
1447372800000,20151113,PINEAPP,'0006,0.290,0.290,0.290,0.290,0.290,-,Closed,0
1447632000000,20151116,PINEAPP,'0006,0.290,0.290,0.290,0.290,0.290,-,Closed,0
1447718400000,20151117,PINEAPP,'0006,0.290,0.290,0.290,0.290,0.290,-,Closed,0
1447804800000,20151118,PINEAPP,'0006,0.290,0.290,0.290,0.290,0.290,-,Closed,0
1447891200000,20151119,PINEAPP,'0006,0.290,0.290,0.290,0.290,0.290,-,Closed,0
1447977600000,20151120,PINEAPP,'0006,0.290,0.290,0.290,0.290,0.290,-,Closed,0
1448236800000,20151123,PINEAPP,'0006,0.290,0.290,0.290,0.290,0.290,-,Closed,0
1448323200000,20151124,PINEAPP,'0006,0.290,0.290,0.290,0.290,0.290,-,Closed,0
1448409600000,20151125,PINEAPP,'0006,0.290,0.315,0.315,0.315,0.315,10000,No change,0
1448496000000,20151126,PINEAPP,'0006,0.315,0.315,0.315,0.315,0.315,-,Closed,0
1448582400000,20151127,PINEAPP,'0006,0.315,0.315,0.315,0.315,0.315,-,Closed,0
1448841600000,20151130,PINEAPP,'0006,0.315,0.315,0.315,0.315,0.315,-,Closed,0
1448928000000,20151201,PINEAPP,'0006,0.315,0.315,0.315,0.315,0.315,-,Closed,0
1449014400000,20151202,PINEAPP,'0006,0.315,0.315,0.315,0.315,0.315,-,Closed,0
1449100800000,20151203,PINEAPP,'0006,0.315,0.315,0.315,0.315,0.315,-,Closed,0
1449187200000,20151204,PINEAPP,'0006,0.315,0.315,0.315,0.315,0.315,-,Closed,0
1449446400000,20151207,PINEAPP,'0006,0.315,0.315,0.315,0.315,0.315,-,Closed,0
1449532800000,20151208,PINEAPP,'0006,0.315,0.315,0.315,0.315,0.315,-,Closed,0
1449619200000,20151209,PINEAPP,'0006,0.315,0.315,0.315,0.315,0.315,-,Closed,0
1449705600000,20151210,PINEAPP,'0006,0.315,0.315,0.315,0.315,0.315,-,Closed,0
1449792000000,20151211,PINEAPP,'0006,0.315,0.315,0.315,0.315,0.315,-,Closed,0
1450051200000,20151214,PINEAPP,'0006,0.315,0.315,0.315,0.315,0.315,-,Closed,0
1450137600000,20151215,PINEAPP,'0006,0.315,0.315,0.315,0.315,0.315,-,Closed,0
1450224000000,20151216,PINEAPP,'0006,0.315,0.315,0.315,0.315,0.315,-,Closed,0
1450310400000,20151217,PINEAPP,'0006,0.315,0.315,0.315,0.315,0.315,-,Closed,0
1450396800000,20151218,PINEAPP,'0006,0.315,0.300,0.300,0.300,0.300,5000,No change,0
1450656000000,20151221,PINEAPP,'0006,0.300,0.300,0.300,0.300,0.300,600,No change,0
1450742400000,20151222,PINEAPP,'0006,0.300,0.300,0.300,0.300,0.300,-,Closed,0
1450828800000,20151223,PINEAPP,'0006,0.300,0.300,0.300,0.300,0.300,-,Closed,0
1451260800000,20151228,PINEAPP,'0006,0.300,0.300,0.300,0.300,0.300,-,Closed,0
1451347200000,20151229,PINEAPP,'0006,0.300,0.300,0.300,0.300,0.300,-,Closed,0
1451433600000,20151230,PINEAPP,'0006,0.300,0.300,0.300,0.300,0.300,-,Closed,0
1451520000000,20151231,PINEAPP,'0006,0.300,0.300,0.300,0.300,0.300,10000,No change,0
1451865600000,20160104,PINEAPP,'0006,0.300,0.300,0.300,0.300,0.300,-,Closed,0
1451952000000,20160105,PINEAPP,'0006,0.300,0.300,0.300,0.300,0.300,-,Closed,0
1452038400000,20160106,PINEAPP,'0006,0.300,0.300,0.300,0.300,0.300,-,Closed,0
1452124800000,20160107,PINEAPP,'0006,0.300,0.300,0.300,0.300,0.300,-,Closed,0
1452211200000,20160108,PINEAPP,'0006,0.300,0.300,0.300,0.300,0.300,-,Closed,0
1452470400000,20160111,PINEAPP,'0006,0.300,0.300,0.300,0.300,0.300,-,Closed,0
1452556800000,20160112,PINEAPP,'0006,0.300,0.305,0.330,0.305,0.310,5000,Increased,1
1452643200000,20160113,PINEAPP,'0006,0.310,0.310,0.310,0.310,0.310,-,Closed,0
1452729600000,20160114,PINEAPP,'0006,0.310,0.310,0.310,0.310,0.310,-,Closed,0
1452816000000,20160115,PINEAPP,'0006,0.310,0.310,0.310,0.310,0.310,-,Closed,0
1453075200000,20160118,PINEAPP,'0006,0.310,0.310,0.310,0.310,0.310,-,Closed,0
1453161600000,20160119,PINEAPP,'0006,0.310,0.310,0.310,0.310,0.310,-,Closed,0
1453248000000,20160120,PINEAPP,'0006,0.310,0.310,0.310,0.310,0.310,-,Closed,0
1453334400000,20160121,PINEAPP,'0006,0.310,0.310,0.310,0.310,0.310,-,Closed,0
1453420800000,20160122,PINEAPP,'0006,0.310,0.310,0.310,0.310,0.310,-,Closed,0
1453766400000,20160126,PINEAPP,'0006,0.310,0.310,0.310,0.310,0.310,-,Closed,0
1453852800000,20160127,PINEAPP,'0006,0.310,0.310,0.310,0.310,0.310,-,Closed,0
1453939200000,20160128,PINEAPP,'0006,0.310,0.310,0.310,0.310,0.310,-,Closed,0
1454025600000,20160129,PINEAPP,'0006,0.310,0.310,0.310,0.310,0.310,-,Closed,0
1454371200000,20160202,PINEAPP,'0006,0.310,0.310,0.310,0.310,0.310,-,Closed,0
1454457600000,20160203,PINEAPP,'0006,0.310,0.310,0.310,0.310,0.310,-,Closed,0
1454544000000,20160204,PINEAPP,'0006,0.310,0.310,0.310,0.310,0.310,-,Closed,0
1454630400000,20160205,PINEAPP,'0006,0.310,0.310,0.310,0.310,0.310,-,Closed,0
1455062400000,20160210,PINEAPP,'0006,0.310,0.310,0.310,0.310,0.310,-,Closed,0
1455148800000,20160211,PINEAPP,'0006,0.310,0.310,0.310,0.310,0.310,-,Closed,0
1455235200000,20160212,PINEAPP,'0006,0.310,0.310,0.310,0.310,0.310,-,Closed,0
1455494400000,20160215,PINEAPP,'0006,0.310,0.310,0.310,0.310,0.310,-,Closed,0
1455580800000,20160216,PINEAPP,'0006,0.310,0.310,0.310,0.310,0.310,-,Closed,0
1455667200000,20160217,PINEAPP,'0006,0.310,0.310,0.310,0.310,0.310,-,Closed,0
1455753600000,20160218,PINEAPP,'0006,0.310,0.310,0.310,0.310,0.310,-,Closed,0
1455840000000,20160219,PINEAPP,'0006,0.310,0.310,0.310,0.310,0.310,-,Closed,0
1456099200000,20160222,PINEAPP,'0006,0.310,0.310,0.310,0.310,0.310,-,Closed,0
1456185600000,20160223,PINEAPP,'0006,0.310,0.310,0.310,0.310,0.310,-,Closed,0
1456272000000,20160224,PINEAPP,'0006,0.310,0.310,0.310,0.310,0.310,-,Closed,0
1456358400000,20160225,PINEAPP,'0006,0.310,0.310,0.310,0.310,0.310,-,Closed,0
1456444800000,20160226,PINEAPP,'0006,0.310,0.310,0.310,0.310,0.310,-,Closed,0
1456704000000,20160229,PINEAPP,'0006,0.310,0.310,0.310,0.310,0.310,-,Closed,0
1456790400000,20160301,PINEAPP,'0006,0.310,0.310,0.310,0.310,0.310,-,Closed,0
1456876800000,20160302,PINEAPP,'0006,0.310,0.310,0.310,0.310,0.310,-,Closed,0
1456963200000,20160303,PINEAPP,'0006,0.310,0.300,0.300,0.300,0.300,2000,No change,0
1457049600000,20160304,PINEAPP,'0006,0.300,0.300,0.300,0.300,0.300,-,Closed,0
1457308800000,20160307,PINEAPP,'0006,0.300,0.300,0.300,0.300,0.300,-,Closed,0
1457395200000,20160308,PINEAPP,'0006,0.300,0.300,0.300,0.300,0.300,3000,No change,0
1457481600000,20160309,PINEAPP,'0006,0.300,0.300,0.300,0.300,0.300,-,Closed,0
1457568000000,20160310,PINEAPP,'0006,0.300,0.300,0.300,0.300,0.300,-,Closed,0
1457654400000,20160311,PINEAPP,'0006,0.300,0.300,0.300,0.300,0.300,-,Closed,0
1457913600000,20160314,PINEAPP,'0006,0.300,0.300,0.300,0.300,0.300,-,Closed,0
1458000000000,20160315,PINEAPP,'0006,0.300,0.300,0.300,0.300,0.300,-,Closed,0
1458086400000,20160316,PINEAPP,'0006,0.300,0.300,0.300,0.300,0.300,-,Closed,0
1458172800000,20160317,PINEAPP,'0006,0.300,0.300,0.300,0.300,0.300,-,Closed,0
1458259200000,20160318,PINEAPP,'0006,0.300,0.300,0.300,0.300,0.300,-,Closed,0
1458518400000,20160321,PINEAPP,'0006,0.300,0.300,0.300,0.300,0.300,-,Closed,0
1458604800000,20160322,PINEAPP,'0006,0.300,0.300,0.300,0.300,0.300,-,Closed,0
1458691200000,20160323,PINEAPP,'0006,0.300,0.300,0.300,0.300,0.300,-,Closed,0
1458777600000,20160324,PINEAPP,'0006,0.300,0.300,0.300,0.300,0.300,-,Closed,0
1458864000000,20160325,PINEAPP,'0006,0.300,0.300,0.300,0.300,0.300,-,Closed,0
1459123200000,20160328,PINEAPP,'0006,0.300,0.300,0.300,0.300,0.300,-,Closed,0
1459209600000,20160329,PINEAPP,'0006,0.300,0.300,0.300,0.300,0.300,1900,No change,0
1459296000000,20160330,PINEAPP,'0006,0.300,0.300,0.300,0.300,0.300,-,Closed,0
1459382400000,20160331,PINEAPP,'0006,0.300,0.300,0.300,0.300,0.300,-,Closed,0
1459468800000,20160401,PINEAPP,'0006,0.300,0.300,0.300,0.300,0.300,-,Closed,0
1459728000000,20160404,PINEAPP,'0006,0.300,0.300,0.300,0.300,0.300,-,Closed,0
1459814400000,20160405,PINEAPP,'0006,0.300,0.300,0.300,0.300,0.300,-,Closed,0
1459900800000,20160406,PINEAPP,'0006,0.300,0.300,0.300,0.300,0.300,-,Closed,0
1459987200000,20160407,PINEAPP,'0006,0.300,0.300,0.300,0.300,0.300,-,Closed,0
1460073600000,20160408,PINEAPP,'0006,0.300,0.300,0.300,0.300,0.300,-,Closed,0
1460332800000,20160411,PINEAPP,'0006,0.300,0.300,0.300,0.300,0.300,-,Closed,0
1460419200000,20160412,PINEAPP,'0006,0.300,0.300,0.300,0.300,0.300,-,Closed,0
1460505600000,20160413,PINEAPP,'0006,0.300,0.300,0.300,0.300,0.300,-,Closed,0
1460592000000,20160414,PINEAPP,'0006,0.300,0.300,0.300,0.300,0.300,-,Closed,0
1460678400000,20160415,PINEAPP,'0006,0.300,0.300,0.300,0.300,0.300,-,Closed,0
1460937600000,20160418,PINEAPP,'0006,0.300,0.300,0.300,0.300,0.300,-,Closed,0
1461024000000,20160419,PINEAPP,'0006,0.300,0.300,0.300,0.300,0.300,-,Closed,0
1461110400000,20160420,PINEAPP,'0006,0.300,0.300,0.300,0.300,0.300,10000,No change,0
1461196800000,20160421,PINEAPP,'0006,0.300,0.300,0.300,0.300,0.300,-,Closed,0
1461283200000,20160422,PINEAPP,'0006,0.300,0.300,0.300,0.300,0.300,-,Closed,0
1461542400000,20160425,PINEAPP,'0006,0.300,0.300,0.300,0.300,0.300,-,Closed,0
1461628800000,20160426,PINEAPP,'0006,0.300,0.300,0.300,0.300,0.300,-,Closed,0
1461715200000,20160427,PINEAPP,'0006,0.300,0.300,0.300,0.300,0.300,-,Closed,0
1461801600000,20160428,PINEAPP,'0006,0.300,0.300,0.300,0.300,0.300,-,Closed,0
1461888000000,20160429,PINEAPP,'0006,0.300,0.300,0.300,0.300,0.300,-,Closed,0
1462233600000,20160503,PINEAPP,'0006,0.300,0.300,0.300,0.300,0.300,-,Closed,0
1462320000000,20160504,PINEAPP,'0006,0.300,0.300,0.300,0.300,0.300,-,Closed,0
1462406400000,20160505,PINEAPP,'0006,0.300,0.300,0.300,0.300,0.300,-,Closed,0
1462492800000,20160506,PINEAPP,'0006,0.300,0.300,0.300,0.300,0.300,-,Closed,0
1462752000000,20160509,PINEAPP,'0006,0.300,0.300,0.300,0.300,0.300,-,Closed,0
1462838400000,20160510,PINEAPP,'0006,0.300,0.300,0.300,0.300,0.300,-,Closed,0
1462924800000,20160511,PINEAPP,'0006,0.300,0.300,0.300,0.300,0.300,-,Closed,0
1463011200000,20160512,PINEAPP,'0006,0.300,0.300,0.300,0.300,0.300,-,Closed,0
1463097600000,20160513,PINEAPP,'0006,0.300,0.300,0.300,0.300,0.300,-,Closed,0
1463356800000,20160516,PINEAPP,'0006,0.300,0.300,0.300,0.300,0.300,-,Closed,0
1463443200000,20160517,PINEAPP,'0006,0.300,0.300,0.300,0.300,0.300,-,Closed,0
1463529600000,20160518,PINEAPP,'0006,0.300,0.300,0.300,0.300,0.300,-,Closed,0
1463616000000,20160519,PINEAPP,'0006,0.300,0.300,0.300,0.300,0.300,-,Closed,0
1463702400000,20160520,PINEAPP,'0006,0.300,0.300,0.300,0.300,0.300,-,Closed,0
1463961600000,20160523,PINEAPP,'0006,0.300,0.300,0.300,0.300,0.300,-,Closed,0
1464048000000,20160524,PINEAPP,'0006,0.300,0.300,0.300,0.300,0.300,-,Closed,0
1464134400000,20160525,PINEAPP,'0006,0.300,0.300,0.300,0.300,0.300,-,Closed,0
1464220800000,20160526,PINEAPP,'0006,0.300,0.300,0.300,0.300,0.300,-,Closed,0
1464307200000,20160527,PINEAPP,'0006,0.300,0.300,0.300,0.300,0.300,-,Closed,0
1464566400000,20160530,PINEAPP,'0006,0.300,0.300,0.300,0.300,0.300,-,Closed,0
1464652800000,20160531,PINEAPP,'0006,0.300,0.300,0.300,0.300,0.300,-,Closed,0
1464739200000,20160601,PINEAPP,'0006,0.300,0.300,0.300,0.300,0.300,-,Closed,0
1464825600000,20160602,PINEAPP,'0006,0.300,0.300,0.300,0.300,0.300,-,Closed,0
1464912000000,20160603,PINEAPP,'0006,0.300,0.260,0.280,0.260,0.280,3000,Increased,4
1465171200000,20160606,PINEAPP,'0006,0.280,0.280,0.280,0.280,0.280,20000,No change,0
1465257600000,20160607,PINEAPP,'0006,0.280,0.260,0.260,0.260,0.260,40000,No change,0
1465344000000,20160608,PINEAPP,'0006,0.260,0.265,0.270,0.260,0.270,25000,Increased,1
1465430400000,20160609,PINEAPP,'0006,0.270,0.270,0.270,0.270,0.270,-,Closed,0
1465516800000,20160610,PINEAPP,'0006,0.270,0.270,0.270,0.270,0.270,-,Closed,0
1465776000000,20160613,PINEAPP,'0006,0.270,0.270,0.270,0.270,0.270,-,Closed,0
1465862400000,20160614,PINEAPP,'0006,0.270,0.270,0.270,0.270,0.270,-,Closed,0
1465948800000,20160615,PINEAPP,'0006,0.270,0.250,0.300,0.250,0.300,6000,Increased,10
1466035200000,20160616,PINEAPP,'0006,0.300,0.300,0.300,0.300,0.300,-,Closed,0
1466121600000,20160617,PINEAPP,'0006,0.300,0.300,0.300,0.300,0.300,-,Closed,0
1466380800000,20160620,PINEAPP,'0006,0.300,0.300,0.300,0.300,0.300,-,Closed,0
1466467200000,20160621,PINEAPP,'0006,0.300,0.300,0.300,0.300,0.300,-,Closed,0
1466640000000,20160623,PINEAPP,'0006,0.300,0.300,0.300,0.300,0.300,-,Closed,0
1466726400000,20160624,PINEAPP,'0006,0.300,0.300,0.300,0.300,0.300,-,Closed,0
1466985600000,20160627,PINEAPP,'0006,0.300,0.300,0.300,0.300,0.300,-,Closed,0
1467072000000,20160628,PINEAPP,'0006,0.300,0.300,0.300,0.300,0.300,-,Closed,0
1467158400000,20160629,PINEAPP,'0006,0.300,0.300,0.300,0.300,0.300,-,Closed,0
1467244800000,20160630,PINEAPP,'0006,0.300,0.300,0.300,0.300,0.300,-,Closed,0
1467331200000,20160701,PINEAPP,'0006,0.300,0.300,0.300,0.300,0.300,-,Closed,0
1467590400000,20160704,PINEAPP,'0006,0.300,0.300,0.300,0.300,0.300,-,Closed,0
1467676800000,20160705,PINEAPP,'0006,0.300,0.300,0.300,0.300,0.300,-,Closed,0
1467936000000,20160708,PINEAPP,'0006,0.300,0.300,0.300,0.300,0.300,-,Closed,0
1468195200000,20160711,PINEAPP,'0006,0.300,0.300,0.300,0.300,0.300,-,Closed,0
1468281600000,20160712,PINEAPP,'0006,0.300,0.300,0.300,0.300,0.300,-,Closed,0
1468368000000,20160713,PINEAPP,'0006,0.300,0.300,0.300,0.300,0.300,-,Closed,0
1468454400000,20160714,PINEAPP,'0006,0.300,0.290,0.290,0.270,0.270,25000,Decreased,4
1468540800000,20160715,PINEAPP,'0006,0.270,0.270,0.270,0.270,0.270,-,Closed,0
1468800000000,20160718,PINEAPP,'0006,0.270,0.270,0.270,0.270,0.270,-,Closed,0
1468886400000,20160719,PINEAPP,'0006,0.270,0.270,0.270,0.270,0.270,-,Closed,0
1468972800000,20160720,PINEAPP,'0006,0.270,0.270,0.270,0.270,0.270,-,Closed,0
1469059200000,20160721,PINEAPP,'0006,0.270,0.270,0.270,0.270,0.270,-,Closed,0
1469145600000,20160722,PINEAPP,'0006,0.270,0.270,0.270,0.270,0.270,-,Closed,0
1469404800000,20160725,PINEAPP,'0006,0.270,0.270,0.270,0.270,0.270,-,Closed,0
1469491200000,20160726,PINEAPP,'0006,0.270,0.270,0.270,0.270,0.270,-,Closed,0
1469577600000,20160727,PINEAPP,'0006,0.270,0.270,0.270,0.270,0.270,-,Closed,0
1469664000000,20160728,PINEAPP,'0006,0.270,0.270,0.270,0.270,0.270,-,Closed,0
1469750400000,20160729,PINEAPP,'0006,0.270,0.270,0.270,0.270,0.270,-,Closed,0
1470009600000,20160801,PINEAPP,'0006,0.270,0.300,0.300,0.300,0.300,2000,No change,0
1470096000000,20160802,PINEAPP,'0006,0.300,0.300,0.300,0.300,0.300,-,Closed,0
1470182400000,20160803,PINEAPP,'0006,0.300,0.300,0.300,0.300,0.300,-,Closed,0
1470268800000,20160804,PINEAPP,'0006,0.300,0.300,0.300,0.300,0.300,-,Closed,0
1470355200000,20160805,PINEAPP,'0006,0.300,0.300,0.300,0.300,0.300,-,Closed,0
1470614400000,20160808,PINEAPP,'0006,0.300,0.300,0.300,0.300,0.300,-,Closed,0
1470700800000,20160809,PINEAPP,'0006,0.300,0.300,0.300,0.300,0.300,-,Closed,0
1470787200000,20160810,PINEAPP,'0006,0.300,0.300,0.300,0.300,0.300,3000,No change,0
1470873600000,20160811,PINEAPP,'0006,0.300,0.300,0.300,0.300,0.300,-,Closed,0
1470960000000,20160812,PINEAPP,'0006,0.300,0.300,0.300,0.300,0.300,-,Closed,0
1471219200000,20160815,PINEAPP,'0006,0.300,0.300,0.300,0.300,0.300,-,Closed,0
1471305600000,20160816,PINEAPP,'0006,0.300,0.300,0.300,0.300,0.300,-,Closed,0
1471392000000,20160817,PINEAPP,'0006,0.300,0.300,0.300,0.300,0.300,-,Closed,0
1471478400000,20160818,PINEAPP,'0006,0.300,0.300,0.300,0.300,0.300,-,Closed,0
1471564800000,20160819,PINEAPP,'0006,0.300,0.285,0.285,0.280,0.280,20000,Decreased,1
1471824000000,20160822,PINEAPP,'0006,0.280,0.280,0.280,0.280,0.280,-,Closed,0
1471910400000,20160823,PINEAPP,'0006,0.280,0.280,0.280,0.280,0.280,-,Closed,0
1471996800000,20160824,PINEAPP,'0006,0.280,0.280,0.280,0.280,0.280,-,Closed,0
1472083200000,20160825,PINEAPP,'0006,0.280,0.280,0.280,0.280,0.280,-,Closed,0
1472169600000,20160826,PINEAPP,'0006,0.280,0.270,0.270,0.270,0.270,10000,No change,0
1472428800000,20160829,PINEAPP,'0006,0.270,0.275,0.275,0.275,0.275,10000,No change,0
1472515200000,20160830,PINEAPP,'0006,0.275,0.275,0.275,0.275,0.275,-,Closed,0
1472688000000,20160901,PINEAPP,'0006,0.275,0.270,0.270,0.270,0.270,2000,No change,0
1472774400000,20160902,PINEAPP,'0006,0.270,0.270,0.270,0.270,0.270,-,Closed,0
1473033600000,20160905,PINEAPP,'0006,0.270,0.270,0.270,0.270,0.270,-,Closed,0
1473120000000,20160906,PINEAPP,'0006,0.270,0.270,0.270,0.270,0.270,-,Closed,0
1473206400000,20160907,PINEAPP,'0006,0.270,0.270,0.270,0.270,0.270,-,Closed,0
1473292800000,20160908,PINEAPP,'0006,0.270,0.270,0.270,0.270,0.270,-,Closed,0
1473379200000,20160909,PINEAPP,'0006,0.270,0.290,0.290,0.290,0.290,60000,No change,0
1473724800000,20160913,PINEAPP,'0006,0.290,0.290,0.290,0.290,0.290,10000,No change,0
1473811200000,20160914,PINEAPP,'0006,0.290,0.290,0.290,0.290,0.290,-,Closed,0
1473897600000,20160915,PINEAPP,'0006,0.290,0.290,0.290,0.290,0.290,-,Closed,0
1474243200000,20160919,PINEAPP,'0006,0.290,0.290,0.290,0.290,0.290,-,Closed,0
1474329600000,20160920,PINEAPP,'0006,0.290,0.290,0.290,0.290,0.290,-,Closed,0
1474416000000,20160921,PINEAPP,'0006,0.290,0.270,0.335,0.270,0.335,2100,Increased,13
1474502400000,20160922,PINEAPP,'0006,0.335,0.335,0.335,0.335,0.335,-,Closed,0
1474588800000,20160923,PINEAPP,'0006,0.335,0.335,0.335,0.335,0.335,-,Closed,0
1474848000000,20160926,PINEAPP,'0006,0.335,0.335,0.335,0.335,0.335,-,Closed,0
1474934400000,20160927,PINEAPP,'0006,0.335,0.335,0.335,0.335,0.335,-,Closed,0
1475020800000,20160928,PINEAPP,'0006,0.335,0.335,0.335,0.335,0.335,-,Closed,0
1475107200000,20160929,PINEAPP,'0006,0.335,0.335,0.335,0.335,0.335,-,Closed,0
1475193600000,20160930,PINEAPP,'0006,0.335,0.335,0.335,0.335,0.335,-,Closed,0
1475539200000,20161004,PINEAPP,'0006,0.335,0.285,0.285,0.280,0.280,20000,Decreased,1
1475625600000,20161005,PINEAPP,'0006,0.280,0.280,0.280,0.280,0.280,-,Closed,0
1475712000000,20161006,PINEAPP,'0006,0.280,0.280,0.280,0.280,0.280,-,Closed,0
1475798400000,20161007,PINEAPP,'0006,0.280,0.280,0.280,0.280,0.280,-,Closed,0
1476057600000,20161010,PINEAPP,'0006,0.280,0.270,0.270,0.270,0.270,600,No change,0
1476144000000,20161011,PINEAPP,'0006,0.270,0.270,0.270,0.270,0.270,-,Closed,0
1476230400000,20161012,PINEAPP,'0006,0.270,0.270,0.270,0.270,0.270,-,Closed,0
1476316800000,20161013,PINEAPP,'0006,0.270,0.270,0.270,0.270,0.270,-,Closed,0
1476403200000,20161014,PINEAPP,'0006,0.270,0.270,0.270,0.270,0.270,-,Closed,0
1476662400000,20161017,PINEAPP,'0006,0.270,0.270,0.270,0.270,0.270,-,Closed,0
1476748800000,20161018,PINEAPP,'0006,0.270,0.270,0.270,0.270,0.270,-,Closed,0
1476835200000,20161019,PINEAPP,'0006,0.270,0.270,0.270,0.270,0.270,-,Closed,0
1476921600000,20161020,PINEAPP,'0006,0.270,0.270,0.270,0.270,0.270,-,Closed,0
1477008000000,20161021,PINEAPP,'0006,0.270,0.270,0.270,0.270,0.270,-,Closed,0
1477267200000,20161024,PINEAPP,'0006,0.270,0.270,0.270,0.270,0.270,-,Closed,0
1477353600000,20161025,PINEAPP,'0006,0.270,0.270,0.270,0.270,0.270,-,Closed,0
1477440000000,20161026,PINEAPP,'0006,0.270,0.270,0.270,0.270,0.270,-,Closed,0
1477526400000,20161027,PINEAPP,'0006,0.270,0.270,0.270,0.270,0.270,3000,No change,0
1477612800000,20161028,PINEAPP,'0006,0.270,0.270,0.270,0.270,0.270,-,Closed,0
1477872000000,20161031,PINEAPP,'0006,0.270,0.270,0.270,0.270,0.270,-,Closed,0
1477958400000,20161101,PINEAPP,'0006,0.270,0.270,0.270,0.270,0.270,-,Closed,0
1478044800000,20161102,PINEAPP,'0006,0.270,0.250,0.250,0.250,0.250,1000,No change,0
1478131200000,20161103,PINEAPP,'0006,0.250,0.250,0.250,0.250,0.250,-,Closed,0
1478217600000,20161104,PINEAPP,'0006,0.250,0.230,0.230,0.230,0.230,10000,No change,0
1478476800000,20161107,PINEAPP,'0006,0.230,0.230,0.230,0.230,0.230,-,Closed,0
1478563200000,20161108,PINEAPP,'0006,0.230,0.230,0.230,0.230,0.230,-,Closed,0
1478649600000,20161109,PINEAPP,'0006,0.230,0.230,0.230,0.230,0.230,-,Closed,0
1478736000000,20161110,PINEAPP,'0006,0.230,0.290,0.290,0.290,0.290,1000,No change,0
1478822400000,20161111,PINEAPP,'0006,0.290,0.290,0.290,0.290,0.290,-,Closed,0
1479081600000,20161114,PINEAPP,'0006,0.290,0.290,0.290,0.290,0.290,-,Closed,0
1479168000000,20161115,PINEAPP,'0006,0.290,0.290,0.290,0.290,0.290,-,Closed,0
1479254400000,20161116,PINEAPP,'0006,0.290,0.290,0.290,0.290,0.290,-,Closed,0
1479340800000,20161117,PINEAPP,'0006,0.290,0.290,0.290,0.290,0.290,-,Closed,0
1479427200000,20161118,PINEAPP,'0006,0.290,0.260,0.290,0.260,0.290,10000,Increased,6
1479686400000,20161121,PINEAPP,'0006,0.290,0.290,0.290,0.290,0.290,-,Closed,0
1479772800000,20161122,PINEAPP,'0006,0.290,0.290,0.290,0.290,0.290,-,Closed,0
1479859200000,20161123,PINEAPP,'0006,0.290,0.290,0.290,0.290,0.290,7000,No change,0
1479945600000,20161124,PINEAPP,'0006,0.290,0.290,0.290,0.290,0.290,-,Closed,0
1480032000000,20161125,PINEAPP,'0006,0.290,0.290,0.290,0.290,0.290,-,Closed,0
1480291200000,20161128,PINEAPP,'0006,0.290,0.290,0.290,0.290,0.290,-,Closed,0
1480377600000,20161129,PINEAPP,'0006,0.290,0.290,0.290,0.290,0.290,-,Closed,0
1480464000000,20161130,PINEAPP,'0006,0.290,0.290,0.290,0.290,0.290,-,Closed,0
1480550400000,20161201,PINEAPP,'0006,0.290,0.290,0.290,0.290,0.290,-,Closed,0
1480636800000,20161202,PINEAPP,'0006,0.290,0.290,0.290,0.290,0.290,-,Closed,0
1480896000000,20161205,PINEAPP,'0006,0.290,0.290,0.290,0.290,0.290,-,Closed,0
1480982400000,20161206,PINEAPP,'0006,0.290,0.290,0.290,0.290,0.290,-,Closed,0
1481068800000,20161207,PINEAPP,'0006,0.290,0.290,0.290,0.290,0.290,-,Closed,0
1481155200000,20161208,PINEAPP,'0006,0.290,0.290,0.290,0.290,0.290,-,Closed,0
1481241600000,20161209,PINEAPP,'0006,0.290,0.290,0.290,0.290,0.290,-,Closed,0
1481587200000,20161213,PINEAPP,'0006,0.290,0.290,0.290,0.290,0.290,-,Closed,0
1481673600000,20161214,PINEAPP,'0006,0.290,0.290,0.290,0.290,0.290,-,Closed,0
1481760000000,20161215,PINEAPP,'0006,0.290,0.290,0.290,0.290,0.290,-,Closed,0
1481846400000,20161216,PINEAPP,'0006,0.290,0.290,0.290,0.290,0.290,-,Closed,0
1482105600000,20161219,PINEAPP,'0006,0.290,0.290,0.290,0.290,0.290,-,Closed,0
1482192000000,20161220,PINEAPP,'0006,0.290,0.290,0.290,0.290,0.290,-,Closed,0
1482278400000,20161221,PINEAPP,'0006,0.290,0.290,0.290,0.290,0.290,-,Closed,0
1482364800000,20161222,PINEAPP,'0006,0.290,0.290,0.290,0.290,0.290,-,Closed,0
1482451200000,20161223,PINEAPP,'0006,0.290,0.290,0.290,0.290,0.290,-,Closed,0
1482796800000,20161227,PINEAPP,'0006,0.290,0.290,0.290,0.290,0.290,-,Closed,0
1482883200000,20161228,PINEAPP,'0006,0.290,0.290,0.290,0.290,0.290,-,Closed,0
1482969600000,20161229,PINEAPP,'0006,0.290,0.290,0.290,0.290,0.290,-,Closed,0
1483056000000,20161230,PINEAPP,'0006,0.290,0.290,0.290,0.290,0.290,-,Closed,0
1483401600000,20170103,PINEAPP,'0006,0.290,0.290,0.290,0.290,0.290,-,Closed,0
1483488000000,20170104,PINEAPP,'0006,0.290,0.290,0.290,0.290,0.290,-,Closed,0
1483574400000,20170105,PINEAPP,'0006,0.290,0.290,0.290,0.290,0.290,-,Closed,0
1483660800000,20170106,PINEAPP,'0006,0.290,0.290,0.290,0.290,0.290,-,Closed,0
1483920000000,20170109,PINEAPP,'0006,0.290,0.290,0.290,0.290,0.290,-,Closed,0
1484006400000,20170110,PINEAPP,'0006,0.290,0.290,0.290,0.290,0.290,-,Closed,0
1484092800000,20170111,PINEAPP,'0006,0.290,0.290,0.290,0.290,0.290,-,Closed,0
1484179200000,20170112,PINEAPP,'0006,0.290,0.290,0.290,0.290,0.290,-,Closed,0
1484265600000,20170113,PINEAPP,'0006,0.290,0.290,0.290,0.290,0.290,-,Closed,0
1484524800000,20170116,PINEAPP,'0006,0.290,0.290,0.290,0.290,0.290,-,Closed,0
1484611200000,20170117,PINEAPP,'0006,0.290,0.290,0.290,0.290,0.290,-,Closed,0
1484697600000,20170118,PINEAPP,'0006,0.290,0.290,0.290,0.290,0.290,-,Closed,0
1484784000000,20170119,PINEAPP,'0006,0.290,0.290,0.290,0.290,0.290,-,Closed,0
1484870400000,20170120,PINEAPP,'0006,0.290,0.290,0.290,0.290,0.290,-,Closed,0
1485129600000,20170123,PINEAPP,'0006,0.290,0.290,0.290,0.290,0.290,-,Closed,0
1485216000000,20170124,PINEAPP,'0006,0.290,0.290,0.290,0.290,0.290,-,Closed,0
1485302400000,20170125,PINEAPP,'0006,0.290,0.290,0.290,0.290,0.290,-,Closed,0
1485388800000,20170126,PINEAPP,'0006,0.290,0.290,0.290,0.290,0.290,-,Closed,0
1485475200000,20170127,PINEAPP,'0006,0.290,0.290,0.290,0.290,0.290,-,Closed,0
1485820800000,20170131,PINEAPP,'0006,0.290,0.260,0.260,0.260,0.260,10000,No change,0
1485993600000,20170202,PINEAPP,'0006,0.260,0.260,0.260,0.260,0.260,-,Closed,0
1486080000000,20170203,PINEAPP,'0006,0.260,0.260,0.260,0.260,0.260,-,Closed,0
1486339200000,20170206,PINEAPP,'0006,0.260,0.260,0.260,0.260,0.260,-,Closed,0
1486425600000,20170207,PINEAPP,'0006,0.260,0.300,0.300,0.280,0.300,40000,No change,0
1486512000000,20170208,PINEAPP,'0006,0.300,0.300,0.300,0.300,0.300,-,Closed,0
1486684800000,20170210,PINEAPP,'0006,0.300,0.305,0.305,0.305,0.305,3000,No change,0
1486944000000,20170213,PINEAPP,'0006,0.305,0.305,0.305,0.305,0.305,-,Closed,0
1487030400000,20170214,PINEAPP,'0006,0.305,0.310,0.315,0.310,0.315,10200,Increased,1
1487116800000,20170215,PINEAPP,'0006,0.315,0.315,0.315,0.315,0.315,-,Closed,0
1487203200000,20170216,PINEAPP,'0006,0.315,0.315,0.315,0.315,0.315,-,Closed,0
1487289600000,20170217,PINEAPP,'0006,0.315,0.315,0.315,0.315,0.315,-,Closed,0
1487548800000,20170220,PINEAPP,'0006,0.315,0.315,0.315,0.315,0.315,-,Closed,0
1487635200000,20170221,PINEAPP,'0006,0.315,0.290,0.290,0.290,0.290,12000,No change,0
1487721600000,20170222,PINEAPP,'0006,0.290,0.290,0.290,0.290,0.290,-,Closed,0
1487808000000,20170223,PINEAPP,'0006,0.290,0.290,0.290,0.290,0.290,-,Closed,0
1487894400000,20170224,PINEAPP,'0006,0.290,0.290,0.330,0.290,0.290,4000,No change,0
1488153600000,20170227,PINEAPP,'0006,0.290,0.290,0.290,0.290,0.290,-,Closed,0
1488240000000,20170228,PINEAPP,'0006,0.290,0.330,0.330,0.330,0.330,1000,No change,0
1488326400000,20170301,PINEAPP,'0006,0.330,0.310,0.310,0.310,0.310,2000,No change,0
1488412800000,20170302,PINEAPP,'0006,0.310,0.330,0.330,0.330,0.330,41800,No change,0
1488499200000,20170303,PINEAPP,'0006,0.330,0.330,0.330,0.330,0.330,-,Closed,0
1488758400000,20170306,PINEAPP,'0006,0.330,0.330,0.330,0.330,0.330,7900,No change,0
1488844800000,20170307,PINEAPP,'0006,0.330,0.305,0.325,0.305,0.325,6000,Increased,4
1488931200000,20170308,PINEAPP,'0006,0.325,0.325,0.325,0.325,0.325,-,Closed,0
1489017600000,20170309,PINEAPP,'0006,0.325,0.325,0.325,0.325,0.325,-,Closed,0
1489104000000,20170310,PINEAPP,'0006,0.325,0.325,0.325,0.325,0.325,-,Closed,0
1489363200000,20170313,PINEAPP,'0006,0.325,0.325,0.325,0.325,0.325,-,Closed,0
1489449600000,20170314,PINEAPP,'0006,0.325,0.325,0.325,0.325,0.325,-,Closed,0
1489536000000,20170315,PINEAPP,'0006,0.325,0.325,0.325,0.325,0.325,-,Closed,0
1489622400000,20170316,PINEAPP,'0006,0.325,0.350,0.350,0.350,0.350,2100,No change,0
1489708800000,20170317,PINEAPP,'0006,0.350,0.350,0.350,0.350,0.350,-,Closed,0
1489968000000,20170320,PINEAPP,'0006,0.350,0.350,0.350,0.350,0.350,300,No change,0
1490054400000,20170321,PINEAPP,'0006,0.350,0.350,0.350,0.350,0.350,-,Closed,0
1490140800000,20170322,PINEAPP,'0006,0.350,0.300,0.325,0.300,0.325,78000,Increased,5
1490227200000,20170323,PINEAPP,'0006,0.325,0.325,0.325,0.325,0.325,1000,No change,0
1490313600000,20170324,PINEAPP,'0006,0.325,0.325,0.325,0.325,0.325,-,Closed,0
1490572800000,20170327,PINEAPP,'0006,0.325,0.335,0.335,0.310,0.310,26000,Decreased,5
1490659200000,20170328,PINEAPP,'0006,0.310,0.340,0.340,0.310,0.310,20000,Decreased,6
1490745600000,20170329,PINEAPP,'0006,0.310,0.310,0.310,0.310,0.310,-,Closed,0
1490832000000,20170330,PINEAPP,'0006,0.310,0.350,0.350,0.315,0.315,35000,Decreased,7
1490918400000,20170331,PINEAPP,'0006,0.315,0.315,0.315,0.315,0.315,-,Closed,0
1491177600000,20170403,PINEAPP,'0006,0.315,0.315,0.315,0.315,0.315,-,Closed,0
1491264000000,20170404,PINEAPP,'0006,0.315,0.315,0.315,0.315,0.315,-,Closed,0
1491350400000,20170405,PINEAPP,'0006,0.315,0.315,0.315,0.315,0.315,-,Closed,0
1491436800000,20170406,PINEAPP,'0006,0.315,0.315,0.315,0.315,0.315,-,Closed,0
1491523200000,20170407,PINEAPP,'0006,0.315,0.310,0.310,0.305,0.305,10600,Decreased,1
1491782400000,20170410,PINEAPP,'0006,0.305,0.305,0.305,0.305,0.305,-,Closed,0
1491868800000,20170411,PINEAPP,'0006,0.305,0.305,0.305,0.305,0.305,-,Closed,0
1491955200000,20170412,PINEAPP,'0006,0.305,0.305,0.305,0.305,0.305,-,Closed,0
1492041600000,20170413,PINEAPP,'0006,0.305,0.305,0.305,0.305,0.305,7000,No change,0
1492128000000,20170414,PINEAPP,'0006,0.305,0.300,0.300,0.300,0.300,10100,No change,0
1492387200000,20170417,PINEAPP,'0006,0.300,0.305,0.340,0.305,0.340,500,Increased,7
1492473600000,20170418,PINEAPP,'0006,0.340,0.340,0.340,0.340,0.340,9800,No change,0
1492560000000,20170419,PINEAPP,'0006,0.340,0.340,0.340,0.340,0.340,-,Closed,0
1492646400000,20170420,PINEAPP,'0006,0.340,0.340,0.340,0.340,0.340,-,Closed,0
1492732800000,20170421,PINEAPP,'0006,0.340,0.340,0.340,0.340,0.340,-,Closed,0
1493078400000,20170425,PINEAPP,'0006,0.340,0.340,0.340,0.340,0.340,-,Closed,0
1493164800000,20170426,PINEAPP,'0006,0.340,0.340,0.340,0.340,0.340,-,Closed,0
1493251200000,20170427,PINEAPP,'0006,0.340,0.340,0.340,0.340,0.340,-,Closed,0
1493337600000,20170428,PINEAPP,'0006,0.340,0.340,0.340,0.340,0.340,-,Closed,0
1493683200000,20170502,PINEAPP,'0006,0.340,0.340,0.340,0.340,0.340,-,Closed,0
1493769600000,20170503,PINEAPP,'0006,0.340,0.340,0.340,0.340,0.340,-,Closed,0
1493856000000,20170504,PINEAPP,'0006,0.340,0.340,0.340,0.340,0.340,-,Closed,0
1493942400000,20170505,PINEAPP,'0006,0.340,0.350,0.350,0.350,0.350,9500,No change,0
1494201600000,20170508,PINEAPP,'0006,0.350,0.350,0.350,0.350,0.350,-,Closed,0
1494288000000,20170509,PINEAPP,'0006,0.350,0.350,0.350,0.350,0.350,-,Closed,0
1494460800000,20170511,PINEAPP,'0006,0.350,0.350,0.350,0.350,0.350,-,Closed,0
1494547200000,20170512,PINEAPP,'0006,0.350,0.350,0.350,0.350,0.350,-,Closed,0
1494806400000,20170515,PINEAPP,'0006,0.350,0.380,0.380,0.325,0.325,16500,Decreased,11
1494892800000,20170516,PINEAPP,'0006,0.325,0.360,0.360,0.350,0.350,19900,Decreased,2
1494979200000,20170517,PINEAPP,'0006,0.350,0.320,0.350,0.320,0.350,1500,Increased,6
1495065600000,20170518,PINEAPP,'0006,0.350,0.350,0.350,0.350,0.350,-,Closed,0
1495152000000,20170519,PINEAPP,'0006,0.350,0.350,0.355,0.350,0.355,25000,Increased,1
1495411200000,20170522,PINEAPP,'0006,0.355,0.355,0.355,0.355,0.355,30000,No change,0
1495497600000,20170523,PINEAPP,'0006,0.355,0.360,0.360,0.360,0.360,2700,No change,0
1495584000000,20170524,PINEAPP,'0006,0.360,0.360,0.360,0.360,0.360,-,Closed,0
1495670400000,20170525,PINEAPP,'0006,0.360,0.325,0.325,0.325,0.325,6000,No change,0
1495756800000,20170526,PINEAPP,'0006,0.325,0.325,0.325,0.325,0.325,-,Closed,0
1496016000000,20170529,PINEAPP,'0006,0.325,0.325,0.325,0.325,0.325,-,Closed,0
1496102400000,20170530,PINEAPP,'0006,0.325,0.325,0.325,0.325,0.325,20000,No change,0
1496188800000,20170531,PINEAPP,'0006,0.325,0.325,0.325,0.325,0.325,-,Closed,0
1496275200000,20170601,PINEAPP,'0006,0.325,0.325,0.325,0.325,0.325,-,Closed,0
1496361600000,20170602,PINEAPP,'0006,0.325,0.320,0.320,0.310,0.310,5100,Decreased,2
1496620800000,20170605,PINEAPP,'0006,0.310,0.310,0.310,0.310,0.310,-,Closed,0
1496707200000,20170606,PINEAPP,'0006,0.310,0.310,0.310,0.310,0.310,-,Closed,0
1496793600000,20170607,PINEAPP,'0006,0.310,0.310,0.310,0.310,0.310,-,Closed,0
1496880000000,20170608,PINEAPP,'0006,0.310,0.310,0.310,0.310,0.310,-,Closed,0
1496966400000,20170609,PINEAPP,'0006,0.310,0.310,0.310,0.310,0.310,-,Closed,0
1497312000000,20170613,PINEAPP,'0006,0.310,0.310,0.310,0.310,0.310,-,Closed,0
1497398400000,20170614,PINEAPP,'0006,0.310,0.310,0.310,0.310,0.310,-,Closed,0
1497484800000,20170615,PINEAPP,'0006,0.310,0.380,0.380,0.315,0.315,200,Decreased,13
1497571200000,20170616,PINEAPP,'0006,0.315,0.315,0.315,0.315,0.315,-,Closed,0
1497830400000,20170619,PINEAPP,'0006,0.315,0.380,0.380,0.320,0.360,3900,Decreased,4
1497916800000,20170620,PINEAPP,'0006,0.360,0.360,0.360,0.360,0.360,-,Closed,0
1498003200000,20170621,PINEAPP,'0006,0.360,0.320,0.320,0.320,0.320,1900,No change,0
1498089600000,20170622,PINEAPP,'0006,0.320,0.320,0.320,0.320,0.320,100,No change,0
1498176000000,20170623,PINEAPP,'0006,0.320,0.320,0.320,0.320,0.320,-,Closed,0
1498608000000,20170628,PINEAPP,'0006,0.320,0.320,0.320,0.320,0.320,-,Closed,0
1498694400000,20170629,PINEAPP,'0006,0.320,0.320,0.320,0.320,0.320,-,Closed,0
1498780800000,20170630,PINEAPP,'0006,0.320,0.320,0.320,0.320,0.320,900,No change,0
1499040000000,20170703,PINEAPP,'0006,0.320,0.320,0.320,0.320,0.320,-,Closed,0
1499126400000,20170704,PINEAPP,'0006,0.320,0.320,0.320,0.320,0.320,-,Closed,0
1499212800000,20170705,PINEAPP,'0006,0.320,0.320,0.320,0.320,0.320,1000,No change,0
1499299200000,20170706,PINEAPP,'0006,0.320,0.320,0.320,0.320,0.320,-,Closed,0
1499385600000,20170707,PINEAPP,'0006,0.320,0.320,0.320,0.320,0.320,-,Closed,0
1499644800000,20170710,PINEAPP,'0006,0.320,0.320,0.320,0.320,0.320,-,Closed,0
1499731200000,20170711,PINEAPP,'0006,0.320,0.320,0.320,0.320,0.320,10000,No change,0
1499817600000,20170712,PINEAPP,'0006,0.320,0.315,0.320,0.315,0.320,80900,Increased,1
1499904000000,20170713,PINEAPP,'0006,0.320,0.320,0.320,0.320,0.320,-,Closed,0
1499990400000,20170714,PINEAPP,'0006,0.320,0.320,0.320,0.320,0.320,-,Closed,0
1500249600000,20170717,PINEAPP,'0006,0.320,0.320,0.320,0.320,0.320,-,Closed,0
1500336000000,20170718,PINEAPP,'0006,0.320,0.320,0.320,0.320,0.320,-,Closed,0
1500422400000,20170719,PINEAPP,'0006,0.320,0.320,0.320,0.320,0.320,-,Closed,0
1500508800000,20170720,PINEAPP,'0006,0.320,0.320,0.320,0.320,0.320,-,Closed,0
1500595200000,20170721,PINEAPP,'0006,0.320,0.320,0.320,0.320,0.320,-,Closed,0
1500854400000,20170724,PINEAPP,'0006,0.320,0.320,0.320,0.320,0.320,-,Closed,0
1500940800000,20170725,PINEAPP,'0006,0.320,0.320,0.320,0.320,0.320,-,Closed,0
1501027200000,20170726,PINEAPP,'0006,0.320,0.320,0.320,0.320,0.320,-,Closed,0
1501113600000,20170727,PINEAPP,'0006,0.320,0.320,0.320,0.320,0.320,-,Closed,0
1501200000000,20170728,PINEAPP,'0006,0.320,0.300,0.300,0.300,0.300,1000,No change,0
1501459200000,20170731,PINEAPP,'0006,0.300,0.300,0.300,0.300,0.300,1000,No change,0
1501545600000,20170801,PINEAPP,'0006,0.300,0.300,0.300,0.300,0.300,-,Closed,0
1501632000000,20170802,PINEAPP,'0006,0.300,0.300,0.300,0.300,0.300,-,Closed,0
1501718400000,20170803,PINEAPP,'0006,0.300,0.300,0.300,0.300,0.300,-,Closed,0
1501804800000,20170804,PINEAPP,'0006,0.300,0.300,0.300,0.300,0.300,-,Closed,0
1502064000000,20170807,PINEAPP,'0006,0.300,0.300,0.300,0.300,0.300,-,Closed,0
1502150400000,20170808,PINEAPP,'0006,0.300,0.300,0.300,0.300,0.300,-,Closed,0
1502236800000,20170809,PINEAPP,'0006,0.300,0.300,0.300,0.300,0.300,-,Closed,0
1502323200000,20170810,PINEAPP,'0006,0.300,0.300,0.300,0.300,0.300,-,Closed,0
1502409600000,20170811,PINEAPP,'0006,0.300,0.300,0.300,0.300,0.300,-,Closed,0
1502668800000,20170814,PINEAPP,'0006,0.300,0.300,0.300,0.300,0.300,-,Closed,0
1502755200000,20170815,PINEAPP,'0006,0.300,0.300,0.300,0.300,0.300,-,Closed,0
1502841600000,20170816,PINEAPP,'0006,0.300,0.280,0.350,0.280,0.350,5000,Increased,14
1502928000000,20170817,PINEAPP,'0006,0.350,0.350,0.350,0.350,0.350,-,Closed,0
1503014400000,20170818,PINEAPP,'0006,0.350,0.350,0.350,0.350,0.350,3000,No change,0
1503273600000,20170821,PINEAPP,'0006,0.350,0.350,0.350,0.350,0.350,-,Closed,0
1503360000000,20170822,PINEAPP,'0006,0.350,0.350,0.350,0.350,0.350,-,Closed,0
1503446400000,20170823,PINEAPP,'0006,0.350,0.350,0.350,0.350,0.350,-,Closed,0
1503532800000,20170824,PINEAPP,'0006,0.350,0.380,0.380,0.380,0.380,2100,No change,0
1503619200000,20170825,PINEAPP,'0006,0.380,0.380,0.380,0.380,0.380,-,Closed,0
1503878400000,20170828,PINEAPP,'0006,0.380,0.380,0.380,0.380,0.380,-,Closed,0
1503964800000,20170829,PINEAPP,'0006,0.380,0.380,0.380,0.380,0.380,-,Closed,0
1504051200000,20170830,PINEAPP,'0006,0.380,0.450,0.450,0.450,0.450,6000,No change,0
1504569600000,20170905,PINEAPP,'0006,0.450,0.435,0.435,0.435,0.435,10000,No change,0
1504656000000,20170906,PINEAPP,'0006,0.435,0.420,0.420,0.370,0.415,30000,Decreased,1
1504742400000,20170907,PINEAPP,'0006,0.415,0.415,0.415,0.415,0.415,-,Closed,0
1504828800000,20170908,PINEAPP,'0006,0.415,0.415,0.415,0.415,0.415,-,Closed,0
1505088000000,20170911,PINEAPP,'0006,0.415,0.355,0.355,0.350,0.350,70000,Decreased,1
1505174400000,20170912,PINEAPP,'0006,0.350,0.420,0.420,0.370,0.370,1000,Decreased,10
1505260800000,20170913,PINEAPP,'0006,0.370,0.420,0.420,0.420,0.420,300,No change,0
1505347200000,20170914,PINEAPP,'0006,0.420,0.420,0.420,0.420,0.420,-,Closed,0
1505433600000,20170915,PINEAPP,'0006,0.420,0.410,0.410,0.410,0.410,4000,No change,0
1505692800000,20170918,PINEAPP,'0006,0.410,0.410,0.410,0.410,0.410,1000,No change,0
1505779200000,20170919,PINEAPP,'0006,0.410,0.410,0.410,0.410,0.410,-,Closed,0
1505865600000,20170920,PINEAPP,'0006,0.410,0.410,0.410,0.410,0.410,-,Closed,0
1505952000000,20170921,PINEAPP,'0006,0.410,0.350,0.400,0.350,0.350,43000,No change,0
1506297600000,20170925,PINEAPP,'0006,0.350,0.415,0.415,0.350,0.410,34100,Decreased,1
1506384000000,20170926,PINEAPP,'0006,0.410,0.410,0.410,0.410,0.410,-,Closed,0
1506470400000,20170927,PINEAPP,'0006,0.410,0.410,0.410,0.410,0.410,-,Closed,0
1506556800000,20170928,PINEAPP,'0006,0.410,0.410,0.410,0.410,0.410,-,Closed,0
1506643200000,20170929,PINEAPP,'0006,0.410,0.350,0.360,0.350,0.360,20000,Increased,2
1506902400000,20171002,PINEAPP,'0006,0.360,0.360,0.360,0.360,0.360,-,Closed,0
1506988800000,20171003,PINEAPP,'0006,0.360,0.370,0.370,0.370,0.370,10000,No change,0
1507075200000,20171004,PINEAPP,'0006,0.370,0.380,0.380,0.380,0.380,4600,No change,0
1507161600000,20171005,PINEAPP,'0006,0.380,0.450,0.450,0.450,0.450,400,No change,0
1507248000000,20171006,PINEAPP,'0006,0.450,0.450,0.450,0.450,0.450,-,Closed,0
1507507200000,20171009,PINEAPP,'0006,0.450,0.450,0.450,0.450,0.450,-,Closed,0
1507593600000,20171010,PINEAPP,'0006,0.450,0.450,0.450,0.450,0.450,-,Closed,0
1507680000000,20171011,PINEAPP,'0006,0.450,0.450,0.450,0.450,0.450,-,Closed,0
1507766400000,20171012,PINEAPP,'0006,0.450,0.450,0.450,0.450,0.450,-,Closed,0
1507852800000,20171013,PINEAPP,'0006,0.450,0.450,0.450,0.450,0.450,-,Closed,0
1508112000000,20171016,PINEAPP,'0006,0.450,0.450,0.450,0.450,0.450,-,Closed,0
1508198400000,20171017,PINEAPP,'0006,0.450,0.450,0.450,0.450,0.450,-,Closed,0
1508371200000,20171019,PINEAPP,'0006,0.450,0.450,0.450,0.450,0.450,-,Closed,0
1508457600000,20171020,PINEAPP,'0006,0.450,0.450,0.450,0.450,0.450,-,Closed,0
1508716800000,20171023,PINEAPP,'0006,0.450,0.450,0.450,0.450,0.450,-,Closed,0
1508803200000,20171024,PINEAPP,'0006,0.450,0.450,0.450,0.450,0.450,-,Closed,0
1508889600000,20171025,PINEAPP,'0006,0.450,0.345,0.400,0.340,0.400,9000,Increased,11
1508976000000,20171026,PINEAPP,'0006,0.400,0.400,0.400,0.400,0.400,-,Closed,0
1509062400000,20171027,PINEAPP,'0006,0.400,0.450,0.450,0.450,0.450,500,No change,0
1509321600000,20171030,PINEAPP,'0006,0.450,0.450,0.450,0.450,0.450,-,Closed,0
1509408000000,20171031,PINEAPP,'0006,0.450,0.450,0.450,0.450,0.450,-,Closed,0
1509494400000,20171101,PINEAPP,'0006,0.450,0.450,0.450,0.450,0.450,-,Closed,0
1509580800000,20171102,PINEAPP,'0006,0.450,0.450,0.450,0.450,0.450,-,Closed,0
1509667200000,20171103,PINEAPP,'0006,0.450,0.450,0.450,0.450,0.450,-,Closed,0
1509926400000,20171106,PINEAPP,'0006,0.450,0.450,0.450,0.450,0.450,-,Closed,0
1510012800000,20171107,PINEAPP,'0006,0.450,0.380,0.430,0.375,0.380,5100,No change,0
1510099200000,20171108,PINEAPP,'0006,0.380,0.435,0.435,0.380,0.435,800,No change,0
1510185600000,20171109,PINEAPP,'0006,0.435,0.370,0.425,0.365,0.425,4200,Increased,11
1510272000000,20171110,PINEAPP,'0006,0.425,0.425,0.425,0.425,0.425,-,Closed,0
1510531200000,20171113,PINEAPP,'0006,0.425,0.400,0.400,0.400,0.400,3000,No change,0
1510617600000,20171114,PINEAPP,'0006,0.400,0.400,0.400,0.400,0.400,-,Closed,0
1510704000000,20171115,PINEAPP,'0006,0.400,0.400,0.400,0.400,0.400,-,Closed,0
1510790400000,20171116,PINEAPP,'0006,0.400,0.430,0.430,0.380,0.420,7000,Decreased,2
1510876800000,20171117,PINEAPP,'0006,0.420,0.420,0.420,0.420,0.420,-,Closed,0
1511136000000,20171120,PINEAPP,'0006,0.420,0.420,0.420,0.420,0.420,-,Closed,0
1511222400000,20171121,PINEAPP,'0006,0.420,0.420,0.420,0.420,0.420,-,Closed,0
1511308800000,20171122,PINEAPP,'0006,0.420,0.420,0.420,0.420,0.420,-,Closed,0
1511395200000,20171123,PINEAPP,'0006,0.420,0.420,0.420,0.420,0.420,-,Closed,0
1511481600000,20171124,PINEAPP,'0006,0.420,0.420,0.420,0.420,0.420,-,Closed,0
1511740800000,20171127,PINEAPP,'0006,0.420,0.420,0.420,0.420,0.420,-,Closed,0
1511827200000,20171128,PINEAPP,'0006,0.420,0.420,0.420,0.420,0.420,-,Closed,0
1511913600000,20171129,PINEAPP,'0006,0.420,0.420,0.420,0.420,0.420,-,Closed,0
1512000000000,20171130,PINEAPP,'0006,0.420,0.420,0.420,0.420,0.420,-,Closed,0
1512345600000,20171204,PINEAPP,'0006,0.420,0.420,0.420,0.420,0.420,-,Closed,0
1512432000000,20171205,PINEAPP,'0006,0.420,0.420,0.420,0.420,0.420,-,Closed,0
1512518400000,20171206,PINEAPP,'0006,0.420,0.420,0.420,0.420,0.420,-,Closed,0
1512604800000,20171207,PINEAPP,'0006,0.420,0.420,0.420,0.420,0.420,-,Closed,0
1512691200000,20171208,PINEAPP,'0006,0.420,0.420,0.420,0.420,0.420,-,Closed,0
1512950400000,20171211,PINEAPP,'0006,0.420,0.420,0.420,0.420,0.420,-,Closed,0
1513036800000,20171212,PINEAPP,'0006,0.420,0.420,0.420,0.420,0.420,-,Closed,0
1513123200000,20171213,PINEAPP,'0006,0.420,0.355,0.410,0.355,0.365,55400,Increased,2
1513209600000,20171214,PINEAPP,'0006,0.365,0.365,0.395,0.365,0.395,28500,Increased,6
1513296000000,20171215,PINEAPP,'0006,0.395,0.385,0.385,0.385,0.385,8000,No change,0
1513555200000,20171218,PINEAPP,'0006,0.385,0.385,0.385,0.385,0.385,7700,No change,0
1513641600000,20171219,PINEAPP,'0006,0.385,0.385,0.385,0.385,0.385,-,Closed,0
1513728000000,20171220,PINEAPP,'0006,0.385,0.385,0.385,0.385,0.385,-,Closed,0
1513814400000,20171221,PINEAPP,'0006,0.385,0.385,0.385,0.385,0.385,-,Closed,0
1513900800000,20171222,PINEAPP,'0006,0.385,0.385,0.385,0.385,0.385,-,Closed,0
1514246400000,20171226,PINEAPP,'0006,0.385,0.385,0.385,0.385,0.385,-,Closed,0
1514332800000,20171227,PINEAPP,'0006,0.385,0.385,0.385,0.385,0.385,-,Closed,0
1514419200000,20171228,PINEAPP,'0006,0.385,0.385,0.385,0.385,0.385,-,Closed,0
1514505600000,20171229,PINEAPP,'0006,0.385,0.385,0.385,0.385,0.385,-,Closed,0
1514851200000,20180102,PINEAPP,'0006,0.385,0.385,0.385,0.385,0.385,-,Closed,0
1514937600000,20180103,PINEAPP,'0006,0.385,0.360,0.390,0.360,0.390,11000,Increased,6
1515024000000,20180104,PINEAPP,'0006,0.390,0.390,0.445,0.390,0.445,37100,Increased,11
1515110400000,20180105,PINEAPP,'0006,0.445,0.445,0.445,0.445,0.445,-,Closed,0
1515369600000,20180108,PINEAPP,'0006,0.445,0.440,0.440,0.440,0.440,2500,No change,0
1515456000000,20180109,PINEAPP,'0006,0.440,0.440,0.440,0.440,0.440,-,Closed,0
1515542400000,20180110,PINEAPP,'0006,0.440,0.430,0.440,0.385,0.440,23800,Increased,2
1515628800000,20180111,PINEAPP,'0006,0.440,0.440,0.440,0.440,0.440,-,Closed,0
1515715200000,20180112,PINEAPP,'0006,0.440,0.440,0.440,0.440,0.440,-,Closed,0
1515974400000,20180115,PINEAPP,'0006,0.440,0.440,0.440,0.440,0.440,-,Closed,0
1516060800000,20180116,PINEAPP,'0006,0.440,0.440,0.440,0.440,0.440,-,Closed,0
1516147200000,20180117,PINEAPP,'0006,0.440,0.400,0.440,0.400,0.400,2100,No change,0
1516233600000,20180118,PINEAPP,'0006,0.400,0.400,0.400,0.400,0.400,-,Closed,0
1516320000000,20180119,PINEAPP,'0006,0.400,0.400,0.400,0.400,0.400,-,Closed,0
1516579200000,20180122,PINEAPP,'0006,0.400,0.390,0.390,0.370,0.370,2200,Decreased,4
1516665600000,20180123,PINEAPP,'0006,0.370,0.370,0.370,0.370,0.370,2100,No change,0
1516752000000,20180124,PINEAPP,'0006,0.370,0.370,0.370,0.370,0.370,-,Closed,0
1516838400000,20180125,PINEAPP,'0006,0.370,0.370,0.435,0.370,0.435,6000,Increased,13
1516924800000,20180126,PINEAPP,'0006,0.435,0.435,0.435,0.435,0.435,-,Closed,0
1517184000000,20180129,PINEAPP,'0006,0.435,0.435,0.435,0.435,0.435,-,Closed,0
1517270400000,20180130,PINEAPP,'0006,0.435,0.435,0.435,0.435,0.435,-,Closed,0
1517529600000,20180202,PINEAPP,'0006,0.435,0.370,0.370,0.365,0.365,16000,Decreased,1
1517788800000,20180205,PINEAPP,'0006,0.365,0.365,0.365,0.365,0.365,-,Closed,0
1517875200000,20180206,PINEAPP,'0006,0.365,0.365,0.365,0.365,0.365,-,Closed,0
1517961600000,20180207,PINEAPP,'0006,0.365,0.420,0.420,0.420,0.420,500,No change,0
1518048000000,20180208,PINEAPP,'0006,0.420,0.420,0.420,0.420,0.420,-,Closed,0
1518134400000,20180209,PINEAPP,'0006,0.420,0.420,0.420,0.420,0.420,-,Closed,0
1518393600000,20180212,PINEAPP,'0006,0.420,0.420,0.420,0.420,0.420,-,Closed,0
1518480000000,20180213,PINEAPP,'0006,0.420,0.420,0.420,0.420,0.420,-,Closed,0
1518566400000,20180214,PINEAPP,'0006,0.420,0.420,0.420,0.420,0.420,-,Closed,0
1518652800000,20180215,PINEAPP,'0006,0.420,0.420,0.420,0.420,0.420,-,Closed,0
1518998400000,20180219,PINEAPP,'0006,0.420,0.420,0.420,0.420,0.420,-,Closed,0
1519084800000,20180220,PINEAPP,'0006,0.420,0.420,0.420,0.420,0.420,-,Closed,0
1519171200000,20180221,PINEAPP,'0006,0.420,0.410,0.430,0.410,0.430,20300,Increased,4
1519257600000,20180222,PINEAPP,'0006,0.430,0.430,0.435,0.430,0.435,12500,Increased,1
1519344000000,20180223,PINEAPP,'0006,0.435,0.385,0.430,0.385,0.430,11800,Increased,9
1519603200000,20180226,PINEAPP,'0006,0.430,0.430,0.430,0.430,0.430,-,Closed,0
1519689600000,20180227,PINEAPP,'0006,0.430,0.430,0.430,0.430,0.430,-,Closed,0
1519776000000,20180228,PINEAPP,'0006,0.430,0.430,0.430,0.430,0.430,-,Closed,0
1519862400000,20180301,PINEAPP,'0006,0.430,0.430,0.440,0.430,0.440,1200,Increased,2
1519948800000,20180302,PINEAPP,'0006,0.440,0.440,0.440,0.440,0.440,20000,No change,0
1520208000000,20180305,PINEAPP,'0006,0.440,0.400,0.480,0.400,0.480,150500,Increased,16
1520294400000,20180306,PINEAPP,'0006,0.480,0.480,0.480,0.440,0.470,115200,Decreased,2
1520380800000,20180307,PINEAPP,'0006,0.470,0.400,0.465,0.400,0.465,4200,Increased,13
1520467200000,20180308,PINEAPP,'0006,0.465,0.465,0.465,0.465,0.465,-,Closed,0
1520553600000,20180309,PINEAPP,'0006,0.465,0.395,0.440,0.395,0.440,10100,Increased,9
1520812800000,20180312,PINEAPP,'0006,0.440,0.440,0.440,0.440,0.440,-,Closed,0
1520899200000,20180313,PINEAPP,'0006,0.440,0.440,0.440,0.440,0.440,-,Closed,0
1520985600000,20180314,PINEAPP,'0006,0.440,0.390,0.425,0.390,0.405,5900,Increased,3
1521072000000,20180315,PINEAPP,'0006,0.405,0.430,0.430,0.430,0.430,2200,No change,0
1521158400000,20180316,PINEAPP,'0006,0.430,0.430,0.430,0.430,0.430,3000,No change,0
1521417600000,20180319,PINEAPP,'0006,0.430,0.400,0.400,0.400,0.400,1000,No change,0
1521504000000,20180320,PINEAPP,'0006,0.400,0.400,0.400,0.400,0.400,10200,No change,0
1521590400000,20180321,PINEAPP,'0006,0.400,0.400,0.400,0.400,0.400,-,Closed,0
1521676800000,20180322,PINEAPP,'0006,0.400,0.400,0.450,0.400,0.450,12100,Increased,10
1521763200000,20180323,PINEAPP,'0006,0.450,0.450,0.450,0.450,0.450,-,Closed,0
1522022400000,20180326,PINEAPP,'0006,0.450,0.450,0.450,0.450,0.450,-,Closed,0
1522108800000,20180327,PINEAPP,'0006,0.450,0.450,0.450,0.450,0.450,-,Closed,0
1522195200000,20180328,PINEAPP,'0006,0.450,0.450,0.450,0.450,0.450,-,Closed,0
1522281600000,20180329,PINEAPP,'0006,0.450,0.450,0.450,0.450,0.450,-,Closed,0
1522368000000,20180330,PINEAPP,'0006,0.450,0.450,0.450,0.450,0.450,-,Closed,0
1522627200000,20180402,PINEAPP,'0006,0.450,0.450,0.450,0.450,0.450,-,Closed,0
1522713600000,20180403,PINEAPP,'0006,0.450,0.450,0.450,0.450,0.450,-,Closed,0
1522800000000,20180404,PINEAPP,'0006,0.450,0.450,0.450,0.450,0.450,-,Closed,0
1522886400000,20180405,PINEAPP,'0006,0.450,0.450,0.450,0.450,0.450,-,Closed,0
1522972800000,20180406,PINEAPP,'0006,0.450,0.385,0.440,0.385,0.440,19000,Increased,11
1523232000000,20180409,PINEAPP,'0006,0.440,0.440,0.440,0.440,0.440,-,Closed,0
1523318400000,20180410,PINEAPP,'0006,0.440,0.440,0.440,0.440,0.440,-,Closed,0
1523404800000,20180411,PINEAPP,'0006,0.440,0.440,0.440,0.440,0.440,700,No change,0
1523491200000,20180412,PINEAPP,'0006,0.440,0.400,0.440,0.400,0.440,1000,Increased,8
1523577600000,20180413,PINEAPP,'0006,0.440,0.440,0.440,0.440,0.440,-,Closed,0
1523836800000,20180416,PINEAPP,'0006,0.440,0.440,0.440,0.440,0.440,-,Closed,0
1523923200000,20180417,PINEAPP,'0006,0.440,0.400,0.400,0.340,0.400,35000,No change,0
1524009600000,20180418,PINEAPP,'0006,0.400,0.400,0.450,0.400,0.450,30500,Increased,10
1524096000000,20180419,PINEAPP,'0006,0.450,0.400,0.440,0.400,0.440,16000,Increased,8
1524182400000,20180420,PINEAPP,'0006,0.440,0.405,0.440,0.405,0.405,14000,No change,0
1524441600000,20180423,PINEAPP,'0006,0.405,0.400,0.440,0.400,0.440,4600,Increased,8
1524528000000,20180424,PINEAPP,'0006,0.440,0.440,0.440,0.440,0.440,-,Closed,0
1524614400000,20180425,PINEAPP,'0006,0.440,0.440,0.440,0.440,0.440,-,Closed,0
1524700800000,20180426,PINEAPP,'0006,0.440,0.420,0.450,0.420,0.450,8800,Increased,6
1524787200000,20180427,PINEAPP,'0006,0.450,0.450,0.450,0.450,0.450,-,Closed,0
1525046400000,20180430,PINEAPP,'0006,0.450,0.450,0.450,0.450,0.450,-,Closed,0
1525219200000,20180502,PINEAPP,'0006,0.450,0.450,0.450,0.450,0.450,-,Closed,0
1525305600000,20180503,PINEAPP,'0006,0.450,0.450,0.450,0.450,0.450,-,Closed,0
1525392000000,20180504,PINEAPP,'0006,0.450,0.450,0.450,0.450,0.450,-,Closed,0
1525651200000,20180507,PINEAPP,'0006,0.450,0.450,0.450,0.450,0.450,-,Closed,0
1525737600000,20180508,PINEAPP,'0006,0.450,0.450,0.450,0.450,0.450,-,Closed,0
1526256000000,20180514,PINEAPP,'0006,0.450,0.450,0.450,0.450,0.450,-,Closed,0
1526342400000,20180515,PINEAPP,'0006,0.450,0.450,0.450,0.450,0.450,-,Closed,0
1526428800000,20180516,PINEAPP,'0006,0.450,0.450,0.450,0.450,0.450,-,Closed,0
1526515200000,20180517,PINEAPP,'0006,0.450,0.450,0.450,0.450,0.450,-,Closed,0
1526601600000,20180518,PINEAPP,'0006,0.450,0.450,0.450,0.450,0.450,-,Closed,0
1526860800000,20180521,PINEAPP,'0006,0.450,0.450,0.470,0.450,0.470,6900,Increased,4
1526947200000,20180522,PINEAPP,'0006,0.470,0.470,0.470,0.470,0.470,-,Closed,0
1527033600000,20180523,PINEAPP,'0006,0.470,0.470,0.470,0.470,0.470,-,Closed,0
1527120000000,20180524,PINEAPP,'0006,0.470,0.410,0.440,0.340,0.370,71100,Decreased,8
1527206400000,20180525,PINEAPP,'0006,0.370,0.400,0.400,0.400,0.400,1000,No change,0
1527465600000,20180528,PINEAPP,'0006,0.400,0.400,0.400,0.400,0.400,-,Closed,0
1527638400000,20180530,PINEAPP,'0006,0.400,0.400,0.400,0.400,0.400,-,Closed,0
1527724800000,20180531,PINEAPP,'0006,0.400,0.400,0.400,0.400,0.400,-,Closed,0
1527811200000,20180601,PINEAPP,'0006,0.400,0.375,0.380,0.375,0.380,8900,Increased,1
1528070400000,20180604,PINEAPP,'0006,0.380,0.380,0.380,0.380,0.380,-,Closed,0
1528156800000,20180605,PINEAPP,'0006,0.380,0.380,0.380,0.380,0.380,-,Closed,0
1528243200000,20180606,PINEAPP,'0006,0.380,0.380,0.380,0.380,0.380,-,Closed,0
1528329600000,20180607,PINEAPP,'0006,0.380,0.380,0.380,0.380,0.380,-,Closed,0
1528416000000,20180608,PINEAPP,'0006,0.380,0.380,0.380,0.380,0.380,-,Closed,0
1528675200000,20180611,PINEAPP,'0006,0.380,0.350,0.350,0.350,0.350,9800,No change,0
1528761600000,20180612,PINEAPP,'0006,0.350,0.375,0.375,0.365,0.365,18000,Decreased,2
1528848000000,20180613,PINEAPP,'0006,0.365,0.365,0.365,0.365,0.365,-,Closed,0
1528934400000,20180614,PINEAPP,'0006,0.365,0.365,0.365,0.355,0.355,9700,Decreased,2
1529280000000,20180618,PINEAPP,'0006,0.355,0.380,0.380,0.380,0.380,100,No change,0
1529366400000,20180619,PINEAPP,'0006,0.380,0.380,0.380,0.380,0.380,-,Closed,0
1529452800000,20180620,PINEAPP,'0006,0.380,0.380,0.380,0.380,0.380,-,Closed,0
1529539200000,20180621,PINEAPP,'0006,0.380,0.380,0.380,0.380,0.380,-,Closed,0
1529625600000,20180622,PINEAPP,'0006,0.380,0.380,0.380,0.380,0.380,-,Closed,0
1529884800000,20180625,PINEAPP,'0006,0.380,0.380,0.380,0.380,0.380,-,Closed,0
1529971200000,20180626,PINEAPP,'0006,0.380,0.380,0.380,0.380,0.380,-,Closed,0
1530057600000,20180627,PINEAPP,'0006,0.380,0.380,0.380,0.380,0.380,-,Closed,0
1530144000000,20180628,PINEAPP,'0006,0.380,0.380,0.380,0.380,0.380,-,Closed,0
1530230400000,20180629,PINEAPP,'0006,0.380,0.380,0.380,0.380,0.380,-,Closed,0
1530489600000,20180702,PINEAPP,'0006,0.380,0.380,0.380,0.380,0.380,-,Closed,0
1530576000000,20180703,PINEAPP,'0006,0.380,0.380,0.380,0.380,0.380,-,Closed,0
1530662400000,20180704,PINEAPP,'0006,0.380,0.380,0.380,0.380,0.380,-,Closed,0
1530748800000,20180705,PINEAPP,'0006,0.380,0.380,0.380,0.380,0.380,-,Closed,0
1530835200000,20180706,PINEAPP,'0006,0.380,0.380,0.380,0.380,0.380,-,Closed,0
1531094400000,20180709,PINEAPP,'0006,0.380,0.380,0.380,0.380,0.380,-,Closed,0
1531180800000,20180710,PINEAPP,'0006,0.380,0.380,0.380,0.380,0.380,-,Closed,0
1531267200000,20180711,PINEAPP,'0006,0.380,0.380,0.380,0.380,0.380,-,Closed,0
1531353600000,20180712,PINEAPP,'0006,0.380,0.380,0.380,0.380,0.380,-,Closed,0
1531440000000,20180713,PINEAPP,'0006,0.380,0.380,0.380,0.380,0.380,-,Closed,0
1531699200000,20180716,PINEAPP,'0006,0.380,0.380,0.380,0.380,0.380,-,Closed,0
1531785600000,20180717,PINEAPP,'0006,0.380,0.380,0.380,0.380,0.380,-,Closed,0
1531872000000,20180718,PINEAPP,'0006,0.380,0.380,0.380,0.380,0.380,-,Closed,0
1531958400000,20180719,PINEAPP,'0006,0.380,0.380,0.380,0.380,0.380,-,Closed,0
1532044800000,20180720,PINEAPP,'0006,0.380,0.380,0.380,0.380,0.380,-,Closed,0
1532304000000,20180723,PINEAPP,'0006,0.380,0.380,0.380,0.380,0.380,-,Closed,0
1532390400000,20180724,PINEAPP,'0006,0.380,0.380,0.380,0.380,0.380,-,Closed,0
1532476800000,20180725,PINEAPP,'0006,0.380,0.380,0.380,0.380,0.380,5000,No change,0
1532563200000,20180726,PINEAPP,'0006,0.380,0.380,0.380,0.380,0.380,-,Closed,0
1532649600000,20180727,PINEAPP,'0006,0.380,0.380,0.400,0.380,0.400,5100,Increased,4
1532908800000,20180730,PINEAPP,'0006,0.400,0.400,0.400,0.400,0.400,-,Closed,0
1532995200000,20180731,PINEAPP,'0006,0.400,0.400,0.400,0.400,0.400,-,Closed,0
1533081600000,20180801,PINEAPP,'0006,0.400,0.400,0.400,0.400,0.400,-,Closed,0
1533168000000,20180802,PINEAPP,'0006,0.400,0.400,0.400,0.400,0.400,-,Closed,0
1533254400000,20180803,PINEAPP,'0006,0.400,0.400,0.400,0.400,0.400,-,Closed,0
1533513600000,20180806,PINEAPP,'0006,0.400,0.400,0.400,0.400,0.400,-,Closed,0
1533600000000,20180807,PINEAPP,'0006,0.400,0.400,0.400,0.400,0.400,-,Closed,0
1533686400000,20180808,PINEAPP,'0006,0.400,0.400,0.400,0.400,0.400,-,Closed,0
1533772800000,20180809,PINEAPP,'0006,0.400,0.400,0.400,0.400,0.400,-,Closed,0
1533859200000,20180810,PINEAPP,'0006,0.400,0.400,0.400,0.400,0.400,-,Closed,0
1534118400000,20180813,PINEAPP,'0006,0.400,0.400,0.400,0.400,0.400,-,Closed,0
1534204800000,20180814,PINEAPP,'0006,0.400,0.400,0.400,0.400,0.400,-,Closed,0
1534291200000,20180815,PINEAPP,'0006,0.400,0.400,0.400,0.400,0.400,-,Closed,0
1534377600000,20180816,PINEAPP,'0006,0.400,0.400,0.400,0.400,0.400,-,Closed,0
1534464000000,20180817,PINEAPP,'0006,0.400,0.400,0.400,0.400,0.400,-,Closed,0
1534723200000,20180820,PINEAPP,'0006,0.400,0.400,0.400,0.400,0.400,-,Closed,0
1534809600000,20180821,PINEAPP,'0006,0.400,0.400,0.400,0.400,0.400,-,Closed,0
1534982400000,20180823,PINEAPP,'0006,0.400,0.400,0.400,0.400,0.400,-,Closed,0
1535068800000,20180824,PINEAPP,'0006,0.400,0.400,0.400,0.400,0.400,-,Closed,0
1535328000000,20180827,PINEAPP,'0006,0.400,0.400,0.400,0.400,0.400,-,Closed,0
1535414400000,20180828,PINEAPP,'0006,0.400,0.390,0.390,0.390,0.390,3800,No change,0
1535500800000,20180829,PINEAPP,'0006,0.390,0.390,0.390,0.390,0.390,6200,No change,0
1535587200000,20180830,PINEAPP,'0006,0.390,0.360,0.400,0.360,0.400,3100,Increased,8
1535932800000,20180903,PINEAPP,'0006,0.400,0.400,0.400,0.400,0.400,-,Closed,0
1536019200000,20180904,PINEAPP,'0006,0.400,0.400,0.400,0.400,0.400,-,Closed,0
1536105600000,20180905,PINEAPP,'0006,0.400,0.400,0.400,0.400,0.400,-,Closed,0
1536192000000,20180906,PINEAPP,'0006,0.400,0.400,0.400,0.400,0.400,-,Closed,0
1536278400000,20180907,PINEAPP,'0006,0.400,0.355,0.380,0.355,0.380,17500,Increased,5
1536710400000,20180912,PINEAPP,'0006,0.380,0.380,0.380,0.380,0.380,-,Closed,0
1536796800000,20180913,PINEAPP,'0006,0.380,0.380,0.380,0.380,0.380,-,Closed,0
1536883200000,20180914,PINEAPP,'0006,0.380,0.380,0.380,0.380,0.380,-,Closed,0
1537228800000,20180918,PINEAPP,'0006,0.380,0.380,0.380,0.380,0.380,-,Closed,0
1537315200000,20180919,PINEAPP,'0006,0.380,0.380,0.380,0.380,0.380,-,Closed,0
1537401600000,20180920,PINEAPP,'0006,0.380,0.375,0.375,0.375,0.375,6000,No change,0
1537488000000,20180921,PINEAPP,'0006,0.375,0.375,0.375,0.375,0.375,-,Closed,0
1537747200000,20180924,PINEAPP,'0006,0.375,0.375,0.375,0.375,0.375,-,Closed,0
1537833600000,20180925,PINEAPP,'0006,0.375,0.330,0.330,0.330,0.330,10100,No change,0
1537920000000,20180926,PINEAPP,'0006,0.330,0.330,0.330,0.330,0.330,-,Closed,0
1538006400000,20180927,PINEAPP,'0006,0.330,0.330,0.330,0.330,0.330,-,Closed,0
1538092800000,20180928,PINEAPP,'0006,0.330,0.330,0.330,0.330,0.330,-,Closed,0
1538352000000,20181001,PINEAPP,'0006,0.330,0.350,0.350,0.350,0.350,1000,No change,0
1538438400000,20181002,PINEAPP,'0006,0.350,0.370,0.375,0.350,0.375,9000,Increased,1
1538524800000,20181003,PINEAPP,'0006,0.375,0.375,0.660,0.375,0.600,276600,Increased,45
1538611200000,20181004,PINEAPP,'0006,0.600,0.600,0.730,0.600,0.600,316100,No change,0
1538697600000,20181005,PINEAPP,'0006,0.600,0.650,0.650,0.460,0.510,41000,Decreased,28
1538956800000,20181008,PINEAPP,'0006,0.510,0.510,0.550,0.510,0.550,15500,Increased,8
1539043200000,20181009,PINEAPP,'0006,0.550,0.540,0.550,0.450,0.500,19500,Decreased,8
1539129600000,20181010,PINEAPP,'0006,0.500,0.430,0.495,0.400,0.495,76400,Increased,13
1539216000000,20181011,PINEAPP,'0006,0.495,0.480,0.480,0.480,0.480,20000,No change,0
1539302400000,20181012,PINEAPP,'0006,0.480,0.400,0.430,0.400,0.430,10700,Increased,6
1539561600000,20181015,PINEAPP,'0006,0.430,0.450,0.450,0.400,0.415,13000,Decreased,7
1539648000000,20181016,PINEAPP,'0006,0.415,0.415,0.550,0.415,0.525,110500,Increased,22
1539734400000,20181017,PINEAPP,'0006,0.525,0.480,0.545,0.440,0.510,60900,Increased,6
1539820800000,20181018,PINEAPP,'0006,0.510,0.550,0.645,0.500,0.580,828800,Increased,6
1539907200000,20181019,PINEAPP,'0006,0.580,0.620,0.620,0.505,0.595,166200,Decreased,5
1540166400000,20181022,PINEAPP,'0006,0.595,0.550,0.620,0.520,0.600,82000,Increased,10
1540252800000,20181023,PINEAPP,'0006,0.600,0.535,0.550,0.535,0.540,19200,Increased,1
1540339200000,20181024,PINEAPP,'0006,0.540,0.615,0.615,0.480,0.560,98800,Decreased,11
1540425600000,20181025,PINEAPP,'0006,0.560,0.505,0.535,0.485,0.485,186700,Decreased,4
1540512000000,20181026,PINEAPP,'0006,0.485,0.420,0.495,0.380,0.415,325900,Decreased,1
1540771200000,20181029,PINEAPP,'0006,0.415,0.440,0.445,0.405,0.405,17100,Decreased,7
1540857600000,20181030,PINEAPP,'0006,0.405,0.405,0.405,0.405,0.405,10900,No change,0
1540944000000,20181031,PINEAPP,'0006,0.405,0.410,0.435,0.410,0.435,1900,Increased,5
1541030400000,20181101,PINEAPP,'0006,0.435,0.435,0.470,0.400,0.400,33200,Decreased,7
1541116800000,20181102,PINEAPP,'0006,0.400,0.370,0.425,0.370,0.380,484100,Increased,2
1541376000000,20181105,PINEAPP,'0006,0.380,0.375,0.385,0.370,0.385,48000,Increased,2
1541548800000,20181107,PINEAPP,'0006,0.385,0.370,0.385,0.370,0.385,700,Increased,3
1541635200000,20181108,PINEAPP,'0006,0.385,0.375,0.380,0.370,0.380,100400,Increased,1
1541721600000,20181109,PINEAPP,'0006,0.380,0.385,0.385,0.385,0.385,10000,No change,0
1541980800000,20181112,PINEAPP,'0006,0.385,0.390,0.390,0.390,0.390,26900,No change,0
1542067200000,20181113,PINEAPP,'0006,0.390,0.390,0.390,0.390,0.390,10000,No change,0
1542153600000,20181114,PINEAPP,'0006,0.390,0.390,0.390,0.390,0.390,-,Closed,0
1542240000000,20181115,PINEAPP,'0006,0.390,0.380,0.380,0.380,0.380,5200,No change,0
1542326400000,20181116,PINEAPP,'0006,0.380,0.385,0.385,0.385,0.385,17500,No change,0
1542585600000,20181119,PINEAPP,'0006,0.385,0.385,0.385,0.385,0.385,-,Closed,0
1542758400000,20181121,PINEAPP,'0006,0.385,0.385,0.385,0.385,0.385,-,Closed,0
1542844800000,20181122,PINEAPP,'0006,0.385,0.385,0.385,0.385,0.385,-,Closed,0
1542931200000,20181123,PINEAPP,'0006,0.385,0.360,0.370,0.320,0.335,56400,Decreased,5
1543190400000,20181126,PINEAPP,'0006,0.335,0.350,0.375,0.335,0.375,15100,Increased,5
1543276800000,20181127,PINEAPP,'0006,0.375,0.375,0.375,0.375,0.375,-,Closed,0
1543363200000,20181128,PINEAPP,'0006,0.375,0.375,0.375,0.375,0.375,-,Closed,0
1543449600000,20181129,PINEAPP,'0006,0.375,0.370,0.385,0.370,0.385,4500,Increased,3
1543536000000,20181130,PINEAPP,'0006,0.385,0.385,0.385,0.385,0.385,-,Closed,0
1543795200000,20181203,PINEAPP,'0006,0.385,0.375,0.375,0.375,0.375,100,No change,0
1543881600000,20181204,PINEAPP,'0006,0.375,0.375,0.375,0.375,0.375,-,Closed,0
1543968000000,20181205,PINEAPP,'0006,0.375,0.330,0.335,0.330,0.335,8800,Increased,1
1544054400000,20181206,PINEAPP,'0006,0.335,0.335,0.335,0.335,0.335,-,Closed,0
1544140800000,20181207,PINEAPP,'0006,0.335,0.365,0.365,0.320,0.320,16700,Decreased,9
1544400000000,20181210,PINEAPP,'0006,0.320,0.335,0.335,0.320,0.320,12300,Decreased,3
1544486400000,20181211,PINEAPP,'0006,0.320,0.310,0.325,0.295,0.325,27300,Increased,3
1544572800000,20181212,PINEAPP,'0006,0.325,0.325,0.325,0.325,0.325,-,Closed,0
1544659200000,20181213,PINEAPP,'0006,0.325,0.300,0.300,0.290,0.290,13000,Decreased,2
1544745600000,20181214,PINEAPP,'0006,0.290,0.290,0.290,0.290,0.290,6000,No change,0
1545004800000,20181217,PINEAPP,'0006,0.290,0.290,0.290,0.290,0.290,-,Closed,0
1545091200000,20181218,PINEAPP,'0006,0.290,0.290,0.290,0.290,0.290,-,Closed,0
1545177600000,20181219,PINEAPP,'0006,0.290,0.315,0.315,0.315,0.315,7500,No change,0
1545264000000,20181220,PINEAPP,'0006,0.315,0.315,0.315,0.315,0.315,-,Closed,0
1545350400000,20181221,PINEAPP,'0006,0.315,0.315,0.315,0.315,0.315,-,Closed,0
1545609600000,20181224,PINEAPP,'0006,0.315,0.315,0.315,0.315,0.315,-,Closed,0
1545782400000,20181226,PINEAPP,'0006,0.315,0.240,0.240,0.240,0.240,1500,No change,0
1545868800000,20181227,PINEAPP,'0006,0.240,0.240,0.240,0.240,0.240,-,Closed,0
1545955200000,20181228,PINEAPP,'0006,0.240,0.240,0.240,0.240,0.240,-,Closed,0
1546214400000,20181231,PINEAPP,'0006,0.240,0.315,0.315,0.310,0.310,7000,Decreased,1
1546387200000,20190102,PINEAPP,'0006,0.310,0.260,0.305,0.260,0.300,7200,Increased,8
1546473600000,20190103,PINEAPP,'0006,0.300,0.300,0.300,0.300,0.300,-,Closed,0
1546560000000,20190104,PINEAPP,'0006,0.300,0.300,0.300,0.300,0.300,500,No change,0
1546819200000,20190107,PINEAPP,'0006,0.300,0.290,0.300,0.290,0.300,49000,Increased,2
1546905600000,20190108,PINEAPP,'0006,0.300,0.275,0.300,0.275,0.295,2100,Increased,4
1546992000000,20190109,PINEAPP,'0006,0.295,0.295,0.295,0.295,0.295,-,Closed,0
1547078400000,20190110,PINEAPP,'0006,0.295,0.295,0.295,0.275,0.295,2200,No change,0
1547164800000,20190111,PINEAPP,'0006,0.295,0.275,0.320,0.275,0.320,19600,Increased,9
1547424000000,20190114,PINEAPP,'0006,0.320,0.320,0.320,0.320,0.320,-,Closed,0
1547510400000,20190115,PINEAPP,'0006,0.320,0.320,0.320,0.320,0.320,-,Closed,0
1547596800000,20190116,PINEAPP,'0006,0.320,0.280,0.280,0.280,0.280,3700,No change,0
1547683200000,20190117,PINEAPP,'0006,0.280,0.280,0.280,0.280,0.280,-,Closed,0
1547769600000,20190118,PINEAPP,'0006,0.280,0.280,0.280,0.280,0.280,-,Closed,0
1548115200000,20190122,PINEAPP,'0006,0.280,0.280,0.280,0.280,0.280,-,Closed,0
1548201600000,20190123,PINEAPP,'0006,0.280,0.290,0.295,0.290,0.295,5000,Increased,1
1548288000000,20190124,PINEAPP,'0006,0.295,0.290,0.290,0.285,0.285,11000,Decreased,1
1548374400000,20190125,PINEAPP,'0006,0.285,0.285,0.285,0.285,0.285,1200,No change,0
1548633600000,20190128,PINEAPP,'0006,0.285,0.285,0.285,0.285,0.285,-,Closed,0
1548720000000,20190129,PINEAPP,'0006,0.285,0.285,0.285,0.285,0.285,-,Closed,0
1548806400000,20190130,PINEAPP,'0006,0.285,0.285,0.285,0.285,0.285,-,Closed,0
1548892800000,20190131,PINEAPP,'0006,0.285,0.285,0.285,0.285,0.285,-,Closed,0
1549238400000,20190204,PINEAPP,'0006,0.285,0.285,0.285,0.285,0.285,-,Closed,0
1549497600000,20190207,PINEAPP,'0006,0.285,0.285,0.285,0.285,0.285,-,Closed,0
1549584000000,20190208,PINEAPP,'0006,0.285,0.285,0.285,0.285,0.285,-,Closed,0
1549843200000,20190211,PINEAPP,'0006,0.285,0.270,0.270,0.270,0.270,8800,No change,0
1549929600000,20190212,PINEAPP,'0006,0.270,0.270,0.270,0.270,0.270,2200,No change,0
1550016000000,20190213,PINEAPP,'0006,0.270,0.270,0.270,0.270,0.270,-,Closed,0
1550102400000,20190214,PINEAPP,'0006,0.270,0.270,0.270,0.270,0.270,-,Closed,0
1550188800000,20190215,PINEAPP,'0006,0.270,0.270,0.270,0.270,0.270,-,Closed,0
1550448000000,20190218,PINEAPP,'0006,0.270,0.270,0.270,0.270,0.270,-,Closed,0
1550534400000,20190219,PINEAPP,'0006,0.270,0.300,0.300,0.300,0.300,1000,No change,0
1550620800000,20190220,PINEAPP,'0006,0.300,0.300,0.300,0.300,0.300,-,Closed,0
1550707200000,20190221,PINEAPP,'0006,0.300,0.300,0.300,0.300,0.300,-,Closed,0
1550793600000,20190222,PINEAPP,'0006,0.300,0.275,0.300,0.265,0.300,20600,Increased,5
1551052800000,20190225,PINEAPP,'0006,0.300,0.300,0.300,0.300,0.300,-,Closed,0
1551139200000,20190226,PINEAPP,'0006,0.300,0.300,0.300,0.300,0.300,-,Closed,0
1551225600000,20190227,PINEAPP,'0006,0.300,0.300,0.300,0.300,0.300,-,Closed,0
1551312000000,20190228,PINEAPP,'0006,0.300,0.300,0.300,0.300,0.300,-,Closed,0
1551398400000,20190301,PINEAPP,'0006,0.300,0.300,0.300,0.300,0.300,-,Closed,0
1551657600000,20190304,PINEAPP,'0006,0.300,0.295,0.295,0.260,0.260,15000,Decreased,7
1551744000000,20190305,PINEAPP,'0006,0.260,0.260,0.260,0.260,0.260,-,Closed,0
1551830400000,20190306,PINEAPP,'0006,0.260,0.290,0.290,0.290,0.290,1000,No change,0
1551916800000,20190307,PINEAPP,'0006,0.290,0.265,0.265,0.265,0.265,400,No change,0
1552003200000,20190308,PINEAPP,'0006,0.265,0.265,0.265,0.265,0.265,-,Closed,0
1552262400000,20190311,PINEAPP,'0006,0.265,0.265,0.265,0.265,0.265,-,Closed,0
1552348800000,20190312,PINEAPP,'0006,0.265,0.265,0.265,0.265,0.265,-,Closed,0
1552435200000,20190313,PINEAPP,'0006,0.265,0.265,0.265,0.265,0.265,-,Closed,0
1552521600000,20190314,PINEAPP,'0006,0.265,0.265,0.290,0.265,0.290,200,Increased,5
1552608000000,20190315,PINEAPP,'0006,0.290,0.290,0.290,0.290,0.290,8900,No change,0
1552867200000,20190318,PINEAPP,'0006,0.290,0.300,0.300,0.300,0.300,13500,No change,0
1552953600000,20190319,PINEAPP,'0006,0.300,0.300,0.300,0.300,0.300,-,Closed,0
1553040000000,20190320,PINEAPP,'0006,0.300,0.300,0.300,0.300,0.300,-,Closed,0
1553126400000,20190321,PINEAPP,'0006,0.300,0.300,0.320,0.300,0.320,1500,Increased,4
1553212800000,20190322,PINEAPP,'0006,0.320,0.320,0.320,0.320,0.320,-,Closed,0
1553472000000,20190325,PINEAPP,'0006,0.320,0.320,0.320,0.320,0.320,-,Closed,0
1553558400000,20190326,PINEAPP,'0006,0.320,0.320,0.320,0.320,0.320,-,Closed,0
1553644800000,20190327,PINEAPP,'0006,0.320,0.320,0.320,0.320,0.320,2800,No change,0
1553731200000,20190328,PINEAPP,'0006,0.320,0.320,0.320,0.320,0.320,-,Closed,0
1553817600000,20190329,PINEAPP,'0006,0.320,0.320,0.320,0.320,0.320,-,Closed,0
1554076800000,20190401,PINEAPP,'0006,0.320,0.320,0.320,0.320,0.320,-,Closed,0
1554163200000,20190402,PINEAPP,'0006,0.320,0.320,0.380,0.320,0.380,25000,Increased,12
1554249600000,20190403,PINEAPP,'0006,0.380,0.355,0.355,0.355,0.355,1800,No change,0
1554336000000,20190404,PINEAPP,'0006,0.355,0.355,0.355,0.355,0.355,-,Closed,0
1554422400000,20190405,PINEAPP,'0006,0.355,0.310,0.310,0.310,0.310,4000,No change,0
1554681600000,20190408,PINEAPP,'0006,0.310,0.310,0.365,0.305,0.365,4400,Increased,11
1554768000000,20190409,PINEAPP,'0006,0.365,0.365,0.365,0.365,0.365,-,Closed,0
1554854400000,20190410,PINEAPP,'0006,0.365,0.365,0.365,0.365,0.365,-,Closed,0
1554940800000,20190411,PINEAPP,'0006,0.365,0.365,0.365,0.365,0.365,-,Closed,0
1555027200000,20190412,PINEAPP,'0006,0.365,0.365,0.365,0.365,0.365,-,Closed,0
1555286400000,20190415,PINEAPP,'0006,0.365,0.365,0.365,0.365,0.365,-,Closed,0
1555372800000,20190416,PINEAPP,'0006,0.365,0.365,0.365,0.365,0.365,-,Closed,0
1555459200000,20190417,PINEAPP,'0006,0.365,0.365,0.365,0.365,0.365,-,Closed,0
1555545600000,20190418,PINEAPP,'0006,0.365,0.375,0.375,0.375,0.375,8000,No change,0
1555632000000,20190419,PINEAPP,'0006,0.375,0.375,0.375,0.375,0.375,-,Closed,0
1555891200000,20190422,PINEAPP,'0006,0.375,0.375,0.385,0.375,0.385,5400,Increased,2
1555977600000,20190423,PINEAPP,'0006,0.385,0.340,0.380,0.330,0.380,9000,Increased,8
1556064000000,20190424,PINEAPP,'0006,0.380,0.380,0.380,0.380,0.380,-,Closed,0
1556150400000,20190425,PINEAPP,'0006,0.380,0.370,0.370,0.310,0.360,45400,Decreased,2
1556236800000,20190426,PINEAPP,'0006,0.360,0.360,0.360,0.360,0.360,-,Closed,0
1556496000000,20190429,PINEAPP,'0006,0.360,0.360,0.360,0.360,0.360,-,Closed,0
1556582400000,20190430,PINEAPP,'0006,0.360,0.360,0.360,0.360,0.360,-,Closed,0
1556755200000,20190502,PINEAPP,'0006,0.360,0.360,0.360,0.360,0.360,1000,No change,0
1556841600000,20190503,PINEAPP,'0006,0.360,0.360,0.360,0.360,0.360,-,Closed,0
1557100800000,20190506,PINEAPP,'0006,0.360,0.325,0.325,0.300,0.300,30700,Decreased,5
1557187200000,20190507,PINEAPP,'0006,0.300,0.300,0.300,0.300,0.300,-,Closed,0
1557273600000,20190508,PINEAPP,'0006,0.300,0.300,0.300,0.300,0.300,-,Closed,0
1557360000000,20190509,PINEAPP,'0006,0.300,0.300,0.300,0.300,0.300,-,Closed,0
1557446400000,20190510,PINEAPP,'0006,0.300,0.310,0.310,0.290,0.290,24200,Decreased,4
1557705600000,20190513,PINEAPP,'0006,0.290,0.280,0.310,0.280,0.310,27800,Increased,6
1557792000000,20190514,PINEAPP,'0006,0.310,0.310,0.310,0.310,0.310,-,Closed,0
1557878400000,20190515,PINEAPP,'0006,0.310,0.310,0.310,0.310,0.310,100,No change,0
1557964800000,20190516,PINEAPP,'0006,0.310,0.310,0.310,0.310,0.310,-,Closed,0
1558051200000,20190517,PINEAPP,'0006,0.310,0.310,0.310,0.310,0.310,-,Closed,0
1558396800000,20190521,PINEAPP,'0006,0.310,0.310,0.310,0.310,0.310,-,Closed,0
1558569600000,20190523,PINEAPP,'0006,0.310,0.310,0.310,0.310,0.310,-,Closed,0
1558656000000,20190524,PINEAPP,'0006,0.310,0.310,0.310,0.310,0.310,-,Closed,0
1558915200000,20190527,PINEAPP,'0006,0.310,0.310,0.310,0.310,0.310,-,Closed,0
1559001600000,20190528,PINEAPP,'0006,0.310,0.310,0.310,0.310,0.310,-,Closed,0
1559088000000,20190529,PINEAPP,'0006,0.310,0.250,0.290,0.250,0.290,20000,Increased,8
1559174400000,20190530,PINEAPP,'0006,0.290,0.290,0.290,0.290,0.290,-,Closed,0
1559260800000,20190531,PINEAPP,'0006,0.290,0.310,0.310,0.310,0.310,200,No change,0
1559520000000,20190603,PINEAPP,'0006,0.310,0.310,0.310,0.310,0.310,-,Closed,0
1559606400000,20190604,PINEAPP,'0006,0.310,0.310,0.310,0.310,0.310,-,Closed,0
1559865600000,20190607,PINEAPP,'0006,0.310,0.310,0.310,0.310,0.310,-,Closed,0
1560124800000,20190610,PINEAPP,'0006,0.310,0.310,0.310,0.310,0.310,-,Closed,0
1560211200000,20190611,PINEAPP,'0006,0.310,0.310,0.310,0.310,0.310,-,Closed,0
1560297600000,20190612,PINEAPP,'0006,0.310,0.310,0.310,0.310,0.310,19500,No change,0
1560384000000,20190613,PINEAPP,'0006,0.310,0.310,0.310,0.310,0.310,-,Closed,0
1560470400000,20190614,PINEAPP,'0006,0.310,0.280,0.280,0.280,0.280,3000,No change,0
1560729600000,20190617,PINEAPP,'0006,0.280,0.280,0.280,0.280,0.280,-,Closed,0
1560816000000,20190618,PINEAPP,'0006,0.280,0.280,0.280,0.280,0.280,-,Closed,0
1560902400000,20190619,PINEAPP,'0006,0.280,0.280,0.280,0.280,0.280,17000,No change,0
1560988800000,20190620,PINEAPP,'0006,0.280,0.280,0.280,0.280,0.280,-,Closed,0
1561075200000,20190621,PINEAPP,'0006,0.280,0.280,0.280,0.280,0.280,-,Closed,0
1561334400000,20190624,PINEAPP,'0006,0.280,0.275,0.310,0.275,0.310,900,Increased,7
1561420800000,20190625,PINEAPP,'0006,0.310,0.320,0.320,0.300,0.300,5600,Decreased,4
1561507200000,20190626,PINEAPP,'0006,0.300,0.275,0.275,0.275,0.275,5000,No change,0
1561593600000,20190627,PINEAPP,'0006,0.275,0.275,0.275,0.275,0.275,7000,No change,0
1561680000000,20190628,PINEAPP,'0006,0.275,0.310,0.310,0.310,0.310,2000,No change,0
1561939200000,20190701,PINEAPP,'0006,0.310,0.310,0.310,0.310,0.310,-,Closed,0
1562025600000,20190702,PINEAPP,'0006,0.310,0.310,0.310,0.310,0.310,-,Closed,0
1562112000000,20190703,PINEAPP,'0006,0.310,0.310,0.310,0.310,0.310,-,Closed,0
1562198400000,20190704,PINEAPP,'0006,0.310,0.310,0.310,0.310,0.310,-,Closed,0
1562284800000,20190705,PINEAPP,'0006,0.310,0.310,0.310,0.310,0.310,5000,No change,0
1562544000000,20190708,PINEAPP,'0006,0.310,0.275,0.320,0.275,0.320,3000,Increased,9
1562630400000,20190709,PINEAPP,'0006,0.320,0.320,0.320,0.320,0.320,4000,No change,0
1562716800000,20190710,PINEAPP,'0006,0.320,0.315,0.315,0.295,0.295,12500,Decreased,4
1562803200000,20190711,PINEAPP,'0006,0.295,0.330,0.330,0.330,0.330,2000,No change,0
1562889600000,20190712,PINEAPP,'0006,0.330,0.330,0.330,0.330,0.330,-,Closed,0
1563148800000,20190715,PINEAPP,'0006,0.330,0.330,0.330,0.330,0.330,-,Closed,0
1563235200000,20190716,PINEAPP,'0006,0.330,0.330,0.330,0.330,0.330,-,Closed,0
1563321600000,20190717,PINEAPP,'0006,0.330,0.330,0.330,0.330,0.330,-,Closed,0
1563408000000,20190718,PINEAPP,'0006,0.330,0.330,0.330,0.330,0.330,-,Closed,0
1563494400000,20190719,PINEAPP,'0006,0.330,0.330,0.330,0.330,0.330,-,Closed,0
1563753600000,20190722,PINEAPP,'0006,0.330,0.330,0.330,0.330,0.330,-,Closed,0
1563926400000,20190724,PINEAPP,'0006,0.330,0.330,0.330,0.330,0.330,-,Closed,0
1564012800000,20190725,PINEAPP,'0006,0.330,0.350,0.365,0.325,0.325,21600,Decreased,5
1564099200000,20190726,PINEAPP,'0006,0.325,0.320,0.320,0.320,0.320,1000,No change,0
1564358400000,20190729,PINEAPP,'0006,0.320,0.320,0.320,0.320,0.320,-,Closed,0
1564531200000,20190731,PINEAPP,'0006,0.320,0.320,0.320,0.320,0.320,-,Closed,0
1564617600000,20190801,PINEAPP,'0006,0.320,0.320,0.320,0.320,0.320,-,Closed,0
1564963200000,20190805,PINEAPP,'0006,0.320,0.320,0.320,0.320,0.320,-,Closed,0
1565049600000,20190806,PINEAPP,'0006,0.320,0.320,0.320,0.320,0.320,-,Closed,0
1565136000000,20190807,PINEAPP,'0006,0.320,0.320,0.320,0.320,0.320,-,Closed,0
1565222400000,20190808,PINEAPP,'0006,0.320,0.360,0.360,0.360,0.360,900,No change,0
1565308800000,20190809,PINEAPP,'0006,0.360,0.360,0.360,0.360,0.360,-,Closed,0
1565654400000,20190813,PINEAPP,'0006,0.360,0.360,0.360,0.360,0.360,-,Closed,0
1565740800000,20190814,PINEAPP,'0006,0.360,0.360,0.360,0.360,0.360,-,Closed,0
1565827200000,20190815,PINEAPP,'0006,0.360,0.290,0.325,0.290,0.325,10100,Increased,7
1565913600000,20190816,PINEAPP,'0006,0.325,0.325,0.325,0.325,0.325,-,Closed,0
1566172800000,20190819,PINEAPP,'0006,0.325,0.325,0.325,0.325,0.325,-,Closed,0
1566259200000,20190820,PINEAPP,'0006,0.325,0.325,0.325,0.325,0.325,-,Closed,0
1566345600000,20190821,PINEAPP,'0006,0.325,0.325,0.325,0.325,0.325,-,Closed,0
1566432000000,20190822,PINEAPP,'0006,0.325,0.325,0.325,0.325,0.325,-,Closed,0
1566518400000,20190823,PINEAPP,'0006,0.325,0.325,0.325,0.325,0.325,-,Closed,0
1566777600000,20190826,PINEAPP,'0006,0.325,0.325,0.325,0.325,0.325,-,Closed,0
1566864000000,20190827,PINEAPP,'0006,0.325,0.325,0.325,0.325,0.325,-,Closed,0
1566950400000,20190828,PINEAPP,'0006,0.325,0.325,0.325,0.325,0.325,-,Closed,0
1567036800000,20190829,PINEAPP,'0006,0.325,0.325,0.325,0.325,0.325,-,Closed,0
1567123200000,20190830,PINEAPP,'0006,0.325,0.330,0.330,0.325,0.325,4600,Decreased,1
1567468800000,20190903,PINEAPP,'0006,0.325,0.285,0.285,0.285,0.285,13000,No change,0
1567555200000,20190904,PINEAPP,'0006,0.285,0.285,0.320,0.285,0.320,1500,Increased,7
1567641600000,20190905,PINEAPP,'0006,0.320,0.320,0.320,0.320,0.320,-,Closed,0
1567728000000,20190906,PINEAPP,'0006,0.320,0.320,0.320,0.320,0.320,-,Closed,0
1568073600000,20190910,PINEAPP,'0006,0.320,0.320,0.320,0.320,0.320,-,Closed,0
1568160000000,20190911,PINEAPP,'0006,0.320,0.320,0.320,0.320,0.320,3500,No change,0
1568246400000,20190912,PINEAPP,'0006,0.320,0.320,0.320,0.320,0.320,-,Closed,0
1568332800000,20190913,PINEAPP,'0006,0.320,0.320,0.320,0.320,0.320,5000,No change,0
1568678400000,20190917,PINEAPP,'0006,0.320,0.320,0.320,0.320,0.320,-,Closed,0
1568764800000,20190918,PINEAPP,'0006,0.320,0.320,0.320,0.320,0.320,-,Closed,0
1568851200000,20190919,PINEAPP,'0006,0.320,0.320,0.360,0.320,0.360,8000,Increased,8
1568937600000,20190920,PINEAPP,'0006,0.360,0.360,0.360,0.300,0.355,16100,Decreased,1
1569196800000,20190923,PINEAPP,'0006,0.355,0.300,0.300,0.300,0.300,5000,No change,0
1569283200000,20190924,PINEAPP,'0006,0.300,0.330,0.330,0.330,0.330,1000,No change,0
1569369600000,20190925,PINEAPP,'0006,0.330,0.330,0.330,0.330,0.330,-,Closed,0
1569456000000,20190926,PINEAPP,'0006,0.330,0.330,0.330,0.330,0.330,-,Closed,0
1569542400000,20190927,PINEAPP,'0006,0.330,0.330,0.330,0.330,0.330,-,Closed,0
1569801600000,20190930,PINEAPP,'0006,0.330,0.330,0.330,0.330,0.330,-,Closed,0
1569888000000,20191001,PINEAPP,'0006,0.330,0.330,0.330,0.330,0.330,-,Closed,0
1569974400000,20191002,PINEAPP,'0006,0.330,0.330,0.330,0.330,0.330,-,Closed,0
1570147200000,20191004,PINEAPP,'0006,0.330,0.300,0.300,0.300,0.300,5000,No change,0
1570406400000,20191007,PINEAPP,'0006,0.300,0.300,0.300,0.300,0.300,-,Closed,0
1570492800000,20191008,PINEAPP,'0006,0.300,0.300,0.300,0.300,0.300,-,Closed,0
1570579200000,20191009,PINEAPP,'0006,0.300,0.300,0.300,0.300,0.300,-,Closed,0
1570752000000,20191011,PINEAPP,'0006,0.300,0.300,0.300,0.300,0.300,-,Closed,0
1571011200000,20191014,PINEAPP,'0006,0.300,0.300,0.300,0.300,0.300,-,Closed,0
1571184000000,20191016,PINEAPP,'0006,0.300,0.330,0.330,0.330,0.330,1000,No change,0
1571270400000,20191017,PINEAPP,'0006,0.330,0.330,0.330,0.330,0.330,-,Closed,0
1571356800000,20191018,PINEAPP,'0006,0.330,0.330,0.330,0.330,0.330,-,Closed,0
1571616000000,20191021,PINEAPP,'0006,0.330,0.330,0.330,0.330,0.330,-,Closed,0
1571702400000,20191022,PINEAPP,'0006,0.330,0.330,0.330,0.330,0.330,-,Closed,0
1571788800000,20191023,PINEAPP,'0006,0.330,0.330,0.330,0.330,0.330,-,Closed,0
1571875200000,20191024,PINEAPP,'0006,0.330,0.390,0.390,0.390,0.390,500,No change,0
1571961600000,20191025,PINEAPP,'0006,0.390,0.390,0.390,0.390,0.390,-,Closed,0
1572307200000,20191029,PINEAPP,'0006,0.390,0.390,0.390,0.390,0.390,-,Closed,0
1572393600000,20191030,PINEAPP,'0006,0.390,0.390,0.390,0.390,0.390,-,Closed,0
1572480000000,20191031,PINEAPP,'0006,0.390,0.390,0.390,0.390,0.390,-,Closed,0
1572566400000,20191101,PINEAPP,'0006,0.390,0.390,0.390,0.390,0.390,-,Closed,0
1572825600000,20191104,PINEAPP,'0006,0.390,0.390,0.390,0.390,0.390,-,Closed,0
1572912000000,20191105,PINEAPP,'0006,0.390,0.390,0.390,0.390,0.390,-,Closed,0
1572998400000,20191106,PINEAPP,'0006,0.390,0.390,0.390,0.390,0.390,-,Closed,0
1573084800000,20191107,PINEAPP,'0006,0.390,0.390,0.390,0.390,0.390,-,Closed,0
1573171200000,20191108,PINEAPP,'0006,0.390,0.390,0.390,0.390,0.390,-,Closed,0
1573430400000,20191111,PINEAPP,'0006,0.390,0.330,0.385,0.330,0.385,500,Increased,11
1573516800000,20191112,PINEAPP,'0006,0.385,0.385,0.385,0.385,0.385,-,Closed,0
1573603200000,20191113,PINEAPP,'0006,0.385,0.385,0.385,0.385,0.385,-,Closed,0
1573689600000,20191114,PINEAPP,'0006,0.385,0.385,0.385,0.385,0.385,-,Closed,0
1573776000000,20191115,PINEAPP,'0006,0.385,0.385,0.385,0.385,0.385,-,Closed,0
1574985600000,20191129,PINEAPP,'0006,0.385,0.300,0.300,0.300,0.300,-,Closed,0
1575244800000,20191202,PINEAPP,'0006,0.300,0.320,0.320,0.270,0.270,40000,Decreased,10
1575331200000,20191203,PINEAPP,'0006,0.270,0.270,0.290,0.270,0.290,6000,Increased,4
1575417600000,20191204,PINEAPP,'0006,0.290,0.290,0.290,0.290,0.290,-,Closed,0
1575504000000,20191205,PINEAPP,'0006,0.290,0.290,0.290,0.290,0.290,-,Closed,0
1575590400000,20191206,PINEAPP,'0006,0.290,0.290,0.320,0.290,0.320,2500,Increased,6
1575849600000,20191209,PINEAPP,'0006,0.320,0.320,0.320,0.320,0.320,-,Closed,0
1575936000000,20191210,PINEAPP,'0006,0.320,0.320,0.320,0.320,0.320,-,Closed,0
1576022400000,20191211,PINEAPP,'0006,0.320,0.320,0.320,0.320,0.320,-,Closed,0
1576108800000,20191212,PINEAPP,'0006,0.320,0.320,0.320,0.320,0.320,-,Closed,0
1576195200000,20191213,PINEAPP,'0006,0.320,0.320,0.320,0.320,0.320,-,Closed,0
1576454400000,20191216,PINEAPP,'0006,0.320,0.320,0.320,0.320,0.320,-,Closed,0
1576540800000,20191217,PINEAPP,'0006,0.320,0.320,0.320,0.320,0.320,-,Closed,0
1576627200000,20191218,PINEAPP,'0006,0.320,0.320,0.320,0.320,0.320,-,Closed,0
1576713600000,20191219,PINEAPP,'0006,0.320,0.320,0.320,0.320,0.320,-,Closed,0
1576800000000,20191220,PINEAPP,'0006,0.320,0.320,0.320,0.320,0.320,-,Closed,0
1577059200000,20191223,PINEAPP,'0006,0.320,0.320,0.320,0.320,0.320,-,Closed,0
1577318400000,20191226,PINEAPP,'0006,0.320,0.320,0.320,0.320,0.320,-,Closed,0
1577404800000,20191227,PINEAPP,'0006,0.320,0.300,0.300,0.300,0.300,6000,No change,0
1577664000000,20191230,PINEAPP,'0006,0.300,0.300,0.300,0.300,0.300,-,Closed,0
1577750400000,20191231,PINEAPP,'0006,0.300,0.310,0.310,0.310,0.310,200,No change,0
1577923200000,20200102,PINEAPP,'0006,0.310,0.310,0.310,0.310,0.310,-,Closed,0
1578009600000,20200103,PINEAPP,'0006,0.310,0.300,0.300,0.300,0.300,6000,No change,0
